sourceCode,sourceName,sourceFrequency,sourceAutoAssignedConceptIds,matchScore,mappingStatus,equivalence,statusSetBy,statusSetOn,conceptId,conceptName,domainId,mappingType,comment,createdBy,createdOn,assignedReviewer
21436 M,21436 M,1,,0.55,UNCHECKED,UNREVIEWED,,0,37115950,143,Meas Value,MAPS_TO,,<auto>,1696459876555,
600,600,1,,1.00,UNCHECKED,UNREVIEWED,,0,37110761,600,Meas Value,MAPS_TO,,<auto>,1696459876558,
60000,60000,1,,1.00,UNCHECKED,UNREVIEWED,,0,37116190,6000000,Meas Value,MAPS_TO,,<auto>,1696459876593,
21603 M,21603 M,1,,0.59,UNCHECKED,UNREVIEWED,,0,35626203,216,Meas Value,MAPS_TO,,<auto>,1696459876613,
6000000,6000000,1,,1.00,UNCHECKED,UNREVIEWED,,0,37116190,6000000,Meas Value,MAPS_TO,,<auto>,1696459876623,
61000,61000,1,,0.55,UNCHECKED,UNREVIEWED,,0,37118572,61,Meas Value,MAPS_TO,,<auto>,1696459876680,
materiaal niet onderzocht,material not examined,2,,0.37,UNCHECKED,UNREVIEWED,,0,45882522,One regional lymph node examined,Meas Value,MAPS_TO,,<auto>,1696459876705,
21651 P,21651 P,1,,0.50,UNCHECKED,UNREVIEWED,,0,37115974,165,Meas Value,MAPS_TO,,<auto>,1696459876707,
trombopenie,thrombocytopenia,1,,0.57,UNCHECKED,UNREVIEWED,,0,45882672,Idiopathic thrombocytopenia (ITP),Meas Value,MAPS_TO,,<auto>,1696459876708,
Niet waargenomen,Not observed,1,,1.00,UNCHECKED,UNREVIEWED,,0,36309800,Not observed,Meas Value,MAPS_TO,,<auto>,1696459876715,
62000,62000,1,,0.97,UNCHECKED,UNREVIEWED,,0,37116197,6200,Meas Value,MAPS_TO,,<auto>,1696459876722,
64.6,64.6,1,,0.69,UNCHECKED,UNREVIEWED,,0,37116127,4.6,Meas Value,MAPS_TO,,<auto>,1696459876752,
219,219,1,,1.00,UNCHECKED,UNREVIEWED,,0,37116020,219,Meas Value,MAPS_TO,,<auto>,1696459876753,
22.4,22.4,1,,0.71,UNCHECKED,UNREVIEWED,,0,37116007,2.4,Meas Value,MAPS_TO,,<auto>,1696459876807,
650,650,1,,1.00,UNCHECKED,UNREVIEWED,,0,37116200,650,Meas Value,MAPS_TO,,<auto>,1696459876829,
normaal,normal,61,,1.00,UNCHECKED,UNREVIEWED,,0,45884153,Normal,Meas Value,MAPS_TO,,<auto>,1696459876848,
66.7,66.7,1,,1.00,UNCHECKED,UNREVIEWED,,0,37118574,66.7,Meas Value,MAPS_TO,,<auto>,1696459876861,
Geen naam op materiaal,No name on material,1,,0.36,UNCHECKED,UNREVIEWED,,0,36310655,Impression materials,Meas Value,MAPS_TO,,<auto>,1696459876888,
2200,2200,1,,1.00,UNCHECKED,UNREVIEWED,,0,37118544,2200,Meas Value,MAPS_TO,,<auto>,1696459876890,
trombopenie???,thrombocytopenia???,1,,0.30,UNCHECKED,UNREVIEWED,,0,45882672,Idiopathic thrombocytopenia (ITP),Meas Value,MAPS_TO,,<auto>,1696459876900,
660,660,2,,1.00,UNCHECKED,UNREVIEWED,,0,37116205,660,Meas Value,MAPS_TO,,<auto>,1696459876910,
22000000,22000000,1,,1.00,UNCHECKED,UNREVIEWED,,0,37203851,22000000,Meas Value,MAPS_TO,,<auto>,1696459876928,
Normaal,Normal,95,,1.00,UNCHECKED,UNREVIEWED,,0,45884153,Normal,Meas Value,MAPS_TO,,<auto>,1696459876941,
6700,6700,1,,0.86,UNCHECKED,UNREVIEWED,,0,37116213,670,Meas Value,MAPS_TO,,<auto>,1696459876973,
22513 M,22513 M,1,,0.49,UNCHECKED,UNREVIEWED,,0,37116025,225,Meas Value,MAPS_TO,,<auto>,1696459876992,
670000,670000,1,,0.84,UNCHECKED,UNREVIEWED,,0,37116213,670,Meas Value,MAPS_TO,,<auto>,1696459877021,
NORMAAL,NORMAL,4,,1.00,UNCHECKED,UNREVIEWED,,0,45884153,Normal,Meas Value,MAPS_TO,,<auto>,1696459877079,
22587 P,22587 P,1,,0.39,UNCHECKED,UNREVIEWED,,0,37116025,225,Meas Value,MAPS_TO,,<auto>,1696459877080,
materiaal zonder naam ontvangen,received material without a name,1,,0.60,UNCHECKED,UNREVIEWED,,0,1990530,Received,Meas Value,MAPS_TO,,<auto>,1696459877091,
684,684,1,,1.96,UNCHECKED,UNREVIEWED,,0,4079130,MMD alphanumeric labels,Meas Value,MAPS_TO,,<auto>,1696459877099,
22708 P,22708 P,1,,0.50,UNCHECKED,UNREVIEWED,,0,37116049,270,Meas Value,MAPS_TO,,<auto>,1696459877125,
22842 M,22842 M,1,,0.28,UNCHECKED,UNREVIEWED,,0,37116240,84,Meas Value,MAPS_TO,,<auto>,1696459877175,
690,690,1,,0.56,UNCHECKED,UNREVIEWED,,0,4131978,69,Meas Value,MAPS_TO,,<auto>,1696459877183,
ntb,tbd,1,,0.16,UNCHECKED,UNREVIEWED,,0,45882255,Abdomen,Meas Value,MAPS_TO,,<auto>,1696459877204,
7.50,7.50,1,,0.65,UNCHECKED,UNREVIEWED,,0,37117728,7.5,Meas Value,MAPS_TO,,<auto>,1696459877209,
TTP? ivm wisselende thrombo,TTP? due to varying thrombo,1,,0.30,UNCHECKED,UNREVIEWED,,0,36308388,Crying,Meas Value,MAPS_TO,,<auto>,1696459877210,
2300,2300,1,,0.90,UNCHECKED,UNREVIEWED,,0,3661856,230,Meas Value,MAPS_TO,,<auto>,1696459877213,
geen naam op potje,no name on the jar,1,,0.31,UNCHECKED,UNREVIEWED,,0,45876580,Pain in the jaw joint or in front of the ear,Meas Value,MAPS_TO,,<auto>,1696459877230,
717.6,717.6,1,,0.40,UNCHECKED,UNREVIEWED,,0,607896,17.8,Meas Value,MAPS_TO,,<auto>,1696459877230,
23228 P,23228 P,1,,0.52,UNCHECKED,UNREVIEWED,,0,37116082,322,Meas Value,MAPS_TO,,<auto>,1696459877267,
7200,7200,1,,0.94,UNCHECKED,UNREVIEWED,,0,37117730,720,Meas Value,MAPS_TO,,<auto>,1696459877287,
nvt,n/a,1,,1.00,UNCHECKED,UNREVIEWED,,0,45880107,N/A,Meas Value,MAPS_TO,,<auto>,1696459877305,
23427 P,23427 P,1,,0.53,UNCHECKED,UNREVIEWED,,0,37205046,342,Meas Value,MAPS_TO,,<auto>,1696459877313,
76.6,76.6,1,,0.66,UNCHECKED,UNREVIEWED,,0,37116183,6.6,Meas Value,MAPS_TO,,<auto>,1696459877324,
Materiaal zonder naam ontvangen!!,Received material without name!!,1,,0.40,UNCHECKED,UNREVIEWED,,0,1990530,Received,Meas Value,MAPS_TO,,<auto>,1696459877354,
23981 M,23981 M,1,,0.47,UNCHECKED,UNREVIEWED,,0,36307827,81 mg,Meas Value,MAPS_TO,,<auto>,1696459877375,
77.8,77.8,1,,0.51,UNCHECKED,UNREVIEWED,,0,607896,17.8,Meas Value,MAPS_TO,,<auto>,1696459877381,
7800,7800,1,,0.53,UNCHECKED,UNREVIEWED,,0,37116235,800,Meas Value,MAPS_TO,,<auto>,1696459877420,
79,79,1,,3.07,UNCHECKED,UNREVIEWED,,0,4106489,u,Meas Value,MAPS_TO,,<auto>,1696459877455,
matig,mediocre,19,,0.35,UNCHECKED,UNREVIEWED,,0,21498845,Mediolateral,Meas Value,MAPS_TO,,<auto>,1696459877462,
24,24,1,,1.00,UNCHECKED,UNREVIEWED,,0,37116029,24,Meas Value,MAPS_TO,,<auto>,1696459877462,
79000,79000,1,,0.61,UNCHECKED,UNREVIEWED,,0,37116251,9000000,Meas Value,MAPS_TO,,<auto>,1696459877474,
uitrijping of nog promyelocyten?,maturation or still promyelocytes?,1,,0.36,UNCHECKED,UNREVIEWED,,0,45878174,Ovalocytes,Meas Value,MAPS_TO,,<auto>,1696459877492,
onbegrepen leukocytose,unexplained leukocytosis,1,,0.58,UNCHECKED,UNREVIEWED,,0,45878743,Leukocytes,Meas Value,MAPS_TO,,<auto>,1696459877493,
800,800,2,,1.00,UNCHECKED,UNREVIEWED,,0,37116235,800,Meas Value,MAPS_TO,,<auto>,1696459877509,
geen vezels waargenomen in wondvocht.,no fibers observed in wound fluid.,1,,0.41,UNCHECKED,UNREVIEWED,,0,45883076,No observable surgical wound,Meas Value,MAPS_TO,,<auto>,1696459877538,
Matig,Mediocre,11,,0.35,UNCHECKED,UNREVIEWED,,0,21498845,Mediolateral,Meas Value,MAPS_TO,,<auto>,1696459877553,
URAAT,URAT,58,,0.61,UNCHECKED,UNREVIEWED,,0,42531011,Curated,Meas Value,MAPS_TO,,<auto>,1696459877582,
8100,8100,1,,1.00,UNCHECKED,UNREVIEWED,,0,37116237,8100,Meas Value,MAPS_TO,,<auto>,1696459877595,
MATIG,MEDIOCRE,2,,0.35,UNCHECKED,UNREVIEWED,,0,21498845,Mediolateral,Meas Value,MAPS_TO,,<auto>,1696459877660,
870,870,1,,0.53,UNCHECKED,UNREVIEWED,,0,37116244,87,Meas Value,MAPS_TO,,<auto>,1696459877666,
Geen Vezels waargenomen!,No Fibers Detected!,1,,0.38,UNCHECKED,UNREVIEWED,,0,45877985,Detected,Meas Value,MAPS_TO,,<auto>,1696459877704,
onbegrepen linksverschuiving,misunderstood left shift,1,,0.57,UNCHECKED,UNREVIEWED,,0,45880515,Understood,Meas Value,MAPS_TO,,<auto>,1696459877708,
8700,8700,1,,0.58,UNCHECKED,UNREVIEWED,,0,37117729,700,Meas Value,MAPS_TO,,<auto>,1696459877709,
Urine te oud,Urine too old,1,,0.76,UNCHECKED,UNREVIEWED,,0,45882126,Sample too old,Meas Value,MAPS_TO,,<auto>,1696459877724,
90-100,90-100,4,,0.61,UNCHECKED,UNREVIEWED,,0,1620795,500-1000 ml,Meas Value,MAPS_TO,,<auto>,1696459877759,
megaloblastoïd,megaloblastoid,1,,0.49,UNCHECKED,UNREVIEWED,,0,21499204,Mastoid,Meas Value,MAPS_TO,,<auto>,1696459877820,
onbekend,unknown,774,,1.00,APPROVED,EQUAL,Patrick Thoral,1696460985183,45877986,Unknown,Meas Value,MAPS_TO,,<auto>,1696459877821,
90-100%,90-100%,5,,0.56,UNCHECKED,UNREVIEWED,,0,45883548,100%,Meas Value,MAPS_TO,,<auto>,1696459877862,
91.2,91.2,1,,0.61,UNCHECKED,UNREVIEWED,,0,37118582,91.44,Meas Value,MAPS_TO,,<auto>,1696459877898,
vanwege afwijkende bloedwaarden.,due to abnormal blood values.,1,,0.49,UNCHECKED,UNREVIEWED,,0,45878745,Abnormal,Meas Value,MAPS_TO,,<auto>,1696459877923,
910,910,1,,0.37,UNCHECKED,UNREVIEWED,,0,36308062,JQ791004,Meas Value,MAPS_TO,,<auto>,1696459877938,
960,960,1,,1.00,UNCHECKED,UNREVIEWED,,0,37116257,960,Meas Value,MAPS_TO,,<auto>,1696459878007,
"24-uurs urine niet geschikt voor de aangevraagde bepalingen, graag feces insturen!!","24-hour urine not suitable for the requested determinations, please submit feces!!",1,,0.29,UNCHECKED,UNREVIEWED,,0,45885029,Neither federal nor state required submission,Meas Value,MAPS_TO,,<auto>,1696459878030,
"MF, blasten, fragmentocyten?","MF, blasts, fragmentocytes?",1,,0.38,UNCHECKED,UNREVIEWED,,0,45881246,Fragments,Meas Value,MAPS_TO,,<auto>,1696459878072,
24116 P,24116 P,1,,0.48,UNCHECKED,UNREVIEWED,,0,37115923,116,Meas Value,MAPS_TO,,<auto>,1696459878079,
veel,a lot of,13,,0.78,UNCHECKED,UNREVIEWED,,0,45883539,A lot,Meas Value,MAPS_TO,,<auto>,1696459878098,
18.0,18.0,1,,0.54,UNCHECKED,UNREVIEWED,,0,37116111,38.06,Meas Value,MAPS_TO,,<auto>,1696459878116,
afw,dev,1,,0.36,UNCHECKED,UNREVIEWED,,0,45880907,HIT device,Meas Value,MAPS_TO,,<auto>,1696459878132,
1800,1800,3,,0.96,UNCHECKED,UNREVIEWED,,0,37115993,18000000,Meas Value,MAPS_TO,,<auto>,1696459878156,
18000,18000,1,,1.00,UNCHECKED,UNREVIEWED,,0,37115993,18000000,Meas Value,MAPS_TO,,<auto>,1696459878191,
MIKRO+,MIKRO+,24,,0.11,UNCHECKED,UNREVIEWED,,0,45877437,Two+ persons physical assist,Meas Value,MAPS_TO,,<auto>,1696459878193,
gezien grampreparaat materiaal ongeschikt voor kweek,considering gram preparation material unsuitable for culture,4,,0.40,UNCHECKED,UNREVIEWED,,0,45880358,Unsuitable for other reasons,Meas Value,MAPS_TO,,<auto>,1696459878220,
182,182,1,,0.78,UNCHECKED,UNREVIEWED,,0,37115833,0.182,Meas Value,MAPS_TO,,<auto>,1696459878245,
Veel,A lot of,3475,,0.78,APPROVED,EQUAL,Patrick Thoral,1696460209838,45880913,Many,Meas Value,MAPS_TO,,Patrick Thoral,1696460208030,
afwijkend,Divergent,3,,0.53,UNCHECKED,UNREVIEWED,,0,21498855,Emergent,Meas Value,MAPS_TO,,<auto>,1696459878262,
184.1,184.1,2,,0.61,UNCHECKED,UNREVIEWED,,0,37115994,184,Meas Value,MAPS_TO,,<auto>,1696459878272,
onder microscoop: zeer veel bacterien en zeer veel faeces vezels gezien,under microscope: a lot of bacteria and a lot of fecal fibers seen,1,,0.35,UNCHECKED,UNREVIEWED,,0,36308016,Microscope,Meas Value,MAPS_TO,,<auto>,1696459878305,
MIKRO++,MIKRO++,5,,0.39,UNCHECKED,UNREVIEWED,,0,4126673,++,Meas Value,MAPS_TO,,<auto>,1696459878312,
GJO,GJO,58,,0.09,UNCHECKED,UNREVIEWED,,0,45883406,Job 1,Meas Value,MAPS_TO,,<auto>,1696459878380,
2-CA-FOS,2-CA-FOS,2,,0.25,UNCHECKED,UNREVIEWED,,0,42531063,Non-focal,Meas Value,MAPS_TO,,<auto>,1696459878385,
VEEL,A LOT OF,89,,0.78,UNCHECKED,UNREVIEWED,,0,45883539,A lot,Meas Value,MAPS_TO,,<auto>,1696459878414,
MMI,MMI,70,,0.53,UNCHECKED,UNREVIEWED,,0,36309847,Immigrant,Meas Value,MAPS_TO,,<auto>,1696459878447,
goed,Good,14,,1.00,UNCHECKED,UNREVIEWED,,0,45876386,Good,Meas Value,MAPS_TO,,<auto>,1696459878487,
MRS,MRS,1,,0.54,UNCHECKED,UNREVIEWED,,0,36662431,"MRSA positive, SA positive",Meas Value,MAPS_TO,,<auto>,1696459878496,
onrijp verschoven,shifted immature,9,,0.52,UNCHECKED,UNREVIEWED,,0,45882383,Shift change,Meas Value,MAPS_TO,,<auto>,1696459878501,
2-WEKEN,2 WEEKS,4,,0.82,UNCHECKED,UNREVIEWED,,0,36308390,Weeks,Meas Value,MAPS_TO,,<auto>,1696459878518,
MWO,MWO,19,,0.31,UNCHECKED,UNREVIEWED,,0,4119003,MW 10,Meas Value,MAPS_TO,,<auto>,1696459878550,
Goed,Good,36,,1.00,UNCHECKED,UNREVIEWED,,0,45876386,Good,Meas Value,MAPS_TO,,<auto>,1696459878572,
20-40,20-40,40,,0.67,UNCHECKED,UNREVIEWED,,0,36309807,20-40 years,Meas Value,MAPS_TO,,<auto>,1696459878576,
onverdund,undiluted,1,,0.40,UNCHECKED,UNREVIEWED,,0,21499034,Dilated,Meas Value,MAPS_TO,,<auto>,1696459878646,
GPA,G.P.A,1,,0.28,UNCHECKED,UNREVIEWED,,0,36308231,p.Asp149Ala,Meas Value,MAPS_TO,,<auto>,1696459878651,
aids en verdere motivatie niet te lezen,AIDS and further motivation not to read,1,,0.30,UNCHECKED,UNREVIEWED,,0,1620856,Dematiaceous mold - no further identification,Meas Value,MAPS_TO,,<auto>,1696459878679,
veel doornappels (artefact??),many daturas (artifact??),1,,0.29,UNCHECKED,UNREVIEWED,,0,45882141,Artifact,Meas Value,MAPS_TO,,<auto>,1696459878688,
200 cellen geteld,200 cells counted,1,,0.66,UNCHECKED,UNREVIEWED,,0,36309538,0 cells,Meas Value,MAPS_TO,,<auto>,1696459878716,
myelocyten? recidief CMML?,myelocytes? recurrence CMML?,1,,0.31,UNCHECKED,UNREVIEWED,,0,36308059,Recurrent,Meas Value,MAPS_TO,,<auto>,1696459878717,
opgeslagen,stored,3366,,0.55,APPROVED,EQUAL,Patrick Thoral,1696461190099,45881452,Laboratory.sample collection,Meas Value,MAPS_TO,,Patrick Thoral,1696461189139,
N.v.t,N/A,265,,1.00,APPROVED,EQUAL,Patrick Thoral,1696461749787,45880107,N/A,Meas Value,MAPS_TO,,<auto>,1696459878827,
Allo DLI,Hello DLI,4,,0.39,UNCHECKED,UNREVIEWED,,0,1620809,Midline,Meas Value,MAPS_TO,,<auto>,1696459878841,
AMC,AMC,1,,0.21,UNCHECKED,UNREVIEWED,,0,4038821,Mass concentration ratio,Meas Value,MAPS_TO,,<auto>,1696459878890,
Gramnegatieve staven en Grampositieve kokken verdacht voor streptokokken.,Gram-negative rods and Gram-positive cocci are suspicious for streptococci.,1,,0.36,UNCHECKED,UNREVIEWED,,0,45878888,Positive and negative,Meas Value,MAPS_TO,,<auto>,1696459878910,
40000,40000,1,,1.00,UNCHECKED,UNREVIEWED,,0,37116132,400000,Meas Value,MAPS_TO,,<auto>,1696459878919,
n.v.t.,n/a,9,,1.00,UNCHECKED,UNREVIEWED,,0,45880107,N/A,Meas Value,MAPS_TO,,<auto>,1696459878929,
"veel, ook macrotrombocyten","many, including macrothrombocytes",2,,0.45,UNCHECKED,UNREVIEWED,,0,45878424,Macrocytes,Meas Value,MAPS_TO,,<auto>,1696459878936,
417.3,417.3,1,,0.67,UNCHECKED,UNREVIEWED,,0,37205053,417,Meas Value,MAPS_TO,,<auto>,1696459878941,
4200,4200,1,,0.93,UNCHECKED,UNREVIEWED,,0,37116138,420,Meas Value,MAPS_TO,,<auto>,1696459879003,
opleving AML,revival of AML,1,,0.39,UNCHECKED,UNREVIEWED,,0,45877017,Amevive,Meas Value,MAPS_TO,,<auto>,1696459879013,
N.V.T.,N/A,99,,1.00,UNCHECKED,UNREVIEWED,,0,45880107,N/A,Meas Value,MAPS_TO,,<auto>,1696459879047,
4300,4300,1,,0.51,UNCHECKED,UNREVIEWED,,0,4131157,43,Meas Value,MAPS_TO,,<auto>,1696459879052,
opm,note,130,,1.00,UNCHECKED,UNREVIEWED,,0,706391,Note,Meas Value,MAPS_TO,,<auto>,1696459879079,
43000,43000,1,,0.51,UNCHECKED,UNREVIEWED,,0,37116073,3000000,Meas Value,MAPS_TO,,<auto>,1696459879081,
"200 cellen geteld, relatief veel macrofagen","200 cells counted, relatively many macrophages",1,,0.38,UNCHECKED,UNREVIEWED,,0,36309538,0 cells,Meas Value,MAPS_TO,,<auto>,1696459879090,
4500,4500,1,,1.00,UNCHECKED,UNREVIEWED,,0,37117717,4500,Meas Value,MAPS_TO,,<auto>,1696459879135,
Opm,Note,2,,1.00,UNCHECKED,UNREVIEWED,,0,706391,Note,Meas Value,MAPS_TO,,<auto>,1696459879144,
Grampositieve kokken verdacht voor Staphylokokken en Grampositieve kokken verdacht voor Streptokokken,Gram-positive cocci suspicious for Staphylococci and Gram-positive cocci suspicious for Streptococci,1,,0.37,UNCHECKED,UNREVIEWED,,0,46237578,Suspicious,Meas Value,MAPS_TO,,<auto>,1696459879156,
4800,4800,1,,0.97,UNCHECKED,UNREVIEWED,,0,37116152,48000000,Meas Value,MAPS_TO,,<auto>,1696459879174,
49000,49000,1,,0.65,UNCHECKED,UNREVIEWED,,0,37116251,9000000,Meas Value,MAPS_TO,,<auto>,1696459879197,
"Veel, waaronder groepjes","Many, including groups",1,,0.43,UNCHECKED,UNREVIEWED,,0,45881634,"Other, including autopsy",Meas Value,MAPS_TO,,<auto>,1696459879201,
opm.,note,8,,1.00,UNCHECKED,UNREVIEWED,,0,706391,Note,Meas Value,MAPS_TO,,<auto>,1696459879202,
496.8,496.8,1,,0.56,UNCHECKED,UNREVIEWED,,0,37116256,96.5,Meas Value,MAPS_TO,,<auto>,1696459879230,
5-10,5-10,1066,,0.75,APPROVED,EQUAL,Patrick Thoral,1696460887776,36310741,5-10 cells,Meas Value,MAPS_TO,,Patrick Thoral,1696460886730,
nadere analyse gewenst,further analysis is required,1,,0.55,UNCHECKED,UNREVIEWED,,0,45879840,None required,Meas Value,MAPS_TO,,<auto>,1696459879312,
OVALO+,OVALO+,94,,0.29,UNCHECKED,UNREVIEWED,,0,45878174,Ovalocytes,Meas Value,MAPS_TO,,<auto>,1696459879318,
50-60,50-60,1,,0.72,UNCHECKED,UNREVIEWED,,0,45884512,50-64,Meas Value,MAPS_TO,,<auto>,1696459879332,
verd lymfoom,verd lymphoma,1,,0.70,UNCHECKED,UNREVIEWED,,0,45881968,Lymphoma,Meas Value,MAPS_TO,,<auto>,1696459879340,
"200 cellen geteld, toename macrofagen","200 cells counted, increase in macrophages",1,,0.41,UNCHECKED,UNREVIEWED,,0,36309538,0 cells,Meas Value,MAPS_TO,,<auto>,1696459879399,
KORR.CYL,KORR.CYL,400,,0.25,APPROVED,EQUAL,Patrick Thoral,1696461604845,45884161,Granular casts,Meas Value,MAPS_TO,,Patrick Thoral,1696461604079,
500,500,1,,1.00,UNCHECKED,UNREVIEWED,,0,37117722,500,Meas Value,MAPS_TO,,<auto>,1696459879412,
"Grampositieve kokken, verdacht voor Stafylokokken en Grampositieve staven","Gram-positive cocci, suspicious for Staphylococci and Gram-positive rods",1,,0.38,UNCHECKED,UNREVIEWED,,0,36311208,"Positive other enterococci, negative Enterococcus faecalis",Meas Value,MAPS_TO,,<auto>,1696459879424,
NEG.,NEG.,6,,0.38,UNCHECKED,UNREVIEWED,,0,46237061,A Neg,Meas Value,MAPS_TO,,<auto>,1696459879432,
2000,2000,2,,1.00,UNCHECKED,UNREVIEWED,,0,37116266,2000000,Meas Value,MAPS_TO,,<auto>,1696459879433,
520,520,2,,1.00,UNCHECKED,UNREVIEWED,,0,37116165,520,Meas Value,MAPS_TO,,<auto>,1696459879452,
20659 P,20659 P,1,,0.39,UNCHECKED,UNREVIEWED,,0,37115797,0.0065,Meas Value,MAPS_TO,,<auto>,1696459879500,
verdenking ML,suspicion ML,1,,0.75,UNCHECKED,UNREVIEWED,,0,46237578,Suspicious,Meas Value,MAPS_TO,,<auto>,1696459879509,
528,528,1,,0.48,UNCHECKED,UNREVIEWED,,0,37116163,52,Meas Value,MAPS_TO,,<auto>,1696459879518,
54.0,54.0,1,,0.65,UNCHECKED,UNREVIEWED,,0,37116168,54.2,Meas Value,MAPS_TO,,<auto>,1696459879552,
2100,2100,2,,0.94,UNCHECKED,UNREVIEWED,,0,37116018,210,Meas Value,MAPS_TO,,<auto>,1696459879554,
negatief,negative,1,,1.00,UNCHECKED,UNREVIEWED,,0,9189,Negative,Meas Value,MAPS_TO,,<auto>,1696459879557,
5500,5500,1,,0.94,UNCHECKED,UNREVIEWED,,0,37117726,550,Meas Value,MAPS_TO,,<auto>,1696459879604,
Verkeerd,Wrong,11,,0.83,UNCHECKED,UNREVIEWED,,0,45882212,Wrong site,Meas Value,MAPS_TO,,<auto>,1696459879616,
21224 P,21224 P,1,,0.55,UNCHECKED,UNREVIEWED,,0,37116024,224,Meas Value,MAPS_TO,,<auto>,1696459879625,
"Grampositieve kokken, vv Stafylokokken en Gramnegatieve staven","Gram-positive cocci, vv Staphylococci and Gram-negative rods",2,,0.42,UNCHECKED,UNREVIEWED,,0,36309331,Coagulase-negative staphylococci,Meas Value,MAPS_TO,,<auto>,1696459879633,
560,560,1,,0.89,UNCHECKED,UNREVIEWED,,0,37116172,5600,Meas Value,MAPS_TO,,<auto>,1696459879649,
21281 M,21281 M,1,,0.53,UNCHECKED,UNREVIEWED,,0,36307827,81 mg,Meas Value,MAPS_TO,,<auto>,1696459879663,
Negatief,Negative,34074,,1.00,APPROVED,EQUAL,Patrick Thoral,1696459911037,9189,Negative,Meas Value,MAPS_TO,,<auto>,1696459879682,
60-70,60-70,1,,0.42,UNCHECKED,UNREVIEWED,,0,4081996,50-75 centile,Meas Value,MAPS_TO,,<auto>,1696459879693,
21393 P,21393 P,1,,0.58,UNCHECKED,UNREVIEWED,,0,37116118,393,Meas Value,MAPS_TO,,<auto>,1696459879713,
Hemol.,Hemol.,4,,0.35,UNCHECKED,UNREVIEWED,,0,1620739,Autol. bone harvested,Meas Value,MAPS_TO,,<auto>,1696459879742,
29025 P,29025 P,1,,0.61,UNCHECKED,UNREVIEWED,,0,37203878,290,Meas Value,MAPS_TO,,<auto>,1696459879757,
25860 P,25860 P,1,,0.30,UNCHECKED,UNREVIEWED,,0,37119296,58,Meas Value,MAPS_TO,,<auto>,1696459879802,
NEGATIEF,NEGATIVE,17253,,1.00,APPROVED,EQUAL,Patrick Thoral,1696459912012,9189,Negative,Meas Value,MAPS_TO,,<auto>,1696459879805,
LAC aantoonbaar. Herhalen na minimaal 12 weken ter bevestiging,LAC demonstrably. Repeat after at least 12 weeks for confirmation,3,,0.44,UNCHECKED,UNREVIEWED,,0,45879878,"Yes, confirmed less than 12 weeks",Meas Value,MAPS_TO,,<auto>,1696459879821,
29102 P,29102 P,2,,0.36,UNCHECKED,UNREVIEWED,,0,35626173,291.667,Meas Value,MAPS_TO,,<auto>,1696459879843,
25951 P,25951 P,1,,0.58,UNCHECKED,UNREVIEWED,,0,37205195,595,Meas Value,MAPS_TO,,<auto>,1696459879879,
Hemolyse,Hemolysis,1,,0.62,UNCHECKED,UNREVIEWED,,0,45876925,Hemodialysis,Meas Value,MAPS_TO,,<auto>,1696459879882,
Verkeerd geidentificeerd materiaal,Misidentified material,5,,0.58,UNCHECKED,UNREVIEWED,,0,36308643,Unidentified,Meas Value,MAPS_TO,,<auto>,1696459879889,
29104 M,29104 M,1,,0.46,UNCHECKED,UNREVIEWED,,0,37115912,104,Meas Value,MAPS_TO,,<auto>,1696459879901,
25973 M,25973 M,1,,0.29,UNCHECKED,UNREVIEWED,,0,4126661,97,Meas Value,MAPS_TO,,<auto>,1696459879957,
nierdonatie,kidney donation,1,,0.79,UNCHECKED,UNREVIEWED,,0,45881016,Kidney,Meas Value,MAPS_TO,,<auto>,1696459879977,
26000,26000,1,,0.86,UNCHECKED,UNREVIEWED,,0,37116043,260,Meas Value,MAPS_TO,,<auto>,1696459879987,
hemolytisch auto-imuun anemie,hemolytic autoimmune anemia,1,,0.52,UNCHECKED,UNREVIEWED,,0,36032876,Autolytic,Meas Value,MAPS_TO,,<auto>,1696459880064,
26362 P,26362 P,1,,0.53,UNCHECKED,UNREVIEWED,,0,37116045,263,Meas Value,MAPS_TO,,<auto>,1696459880071,
292 ug/ml Dabigatran,292 µg/ml Dabigatran,1,,0.41,UNCHECKED,UNREVIEWED,,0,36310002,Dabigatran,Meas Value,MAPS_TO,,<auto>,1696459880101,
26690 M,26690 M,1,,0.33,UNCHECKED,UNREVIEWED,,0,4131978,69,Meas Value,MAPS_TO,,<auto>,1696459880145,
29330 P,29330 P,1,,0.62,UNCHECKED,UNREVIEWED,,0,37205196,933,Meas Value,MAPS_TO,,<auto>,1696459880176,
Heterozyg.,Heterozyg.,2,,0.59,UNCHECKED,UNREVIEWED,,0,45880311,Heterozygous,Meas Value,MAPS_TO,,<auto>,1696459880191,
Niet afg,Not shown,20,,0.48,UNCHECKED,UNREVIEWED,,0,45884595,Not known,Meas Value,MAPS_TO,,<auto>,1696459880207,
"Lagdurige leukocytose, aspect witte reeks?","Long-term leukocytosis, white series aspect?",1,,0.39,UNCHECKED,UNREVIEWED,,0,45878743,Leukocytes,Meas Value,MAPS_TO,,<auto>,1696459880209,
29354 P,29354 P,1,,0.26,UNCHECKED,UNREVIEWED,,0,37116167,54,Meas Value,MAPS_TO,,<auto>,1696459880225,
26845 P,26845 P,1,,0.53,UNCHECKED,UNREVIEWED,,0,37116047,268,Meas Value,MAPS_TO,,<auto>,1696459880239,
2700,2700,1,,1.00,UNCHECKED,UNREVIEWED,,0,37116050,2700,Meas Value,MAPS_TO,,<auto>,1696459880286,
29520 P,29520 P,1,,0.52,UNCHECKED,UNREVIEWED,,0,37116165,520,Meas Value,MAPS_TO,,<auto>,1696459880294,
LEUC.CYL,LEUC.CYL,12,,0.17,UNCHECKED,UNREVIEWED,,0,36309146,p.Cys39Trp,Meas Value,MAPS_TO,,<auto>,1696459880300,
27000,27000,1,,0.97,UNCHECKED,UNREVIEWED,,0,37116050,2700,Meas Value,MAPS_TO,,<auto>,1696459880311,
hoge leuco,high leuco,1,,0.53,UNCHECKED,UNREVIEWED,,0,1177336,High level,Meas Value,MAPS_TO,,<auto>,1696459880313,
3,3,1,,4.87,UNCHECKED,UNREVIEWED,,0,4118491,LT 82,Meas Value,MAPS_TO,,<auto>,1696459880314,
"Verlengde PT obv FII, FVII en FX tekort. Vit.K deficientie. Geen LAC aantoonbaar","Extended PT based on FII, FVII and FX deficit. Vit.K deficiency. No LAC demonstrable",1,,0.23,UNCHECKED,UNREVIEWED,,0,21498363,Iodine deficiency,Meas Value,MAPS_TO,,<auto>,1696459880317,
27392 P,27392 P,1,,0.27,UNCHECKED,UNREVIEWED,,0,37116116,39,Meas Value,MAPS_TO,,<auto>,1696459880389,
leucocytose,leucocytosis,1,,0.66,UNCHECKED,UNREVIEWED,,0,45878420,Anisocytosis,Meas Value,MAPS_TO,,<auto>,1696459880396,
HYAL.CYL,HYAL.CYL,430,,0.42,APPROVED,EQUAL,Patrick Thoral,1696461594875,45882137,Hyaline casts,Meas Value,MAPS_TO,,Patrick Thoral,1696461593867,
27555 M,27555 M,1,,0.60,UNCHECKED,UNREVIEWED,,0,37117732,755,Meas Value,MAPS_TO,,<auto>,1696459880441,
T.W.M.,T.W.M.,20,,0.15,UNCHECKED,UNREVIEWED,,0,36311066,Staying up past 8:00 p.m.,Meas Value,MAPS_TO,,<auto>,1696459880444,
3 zakken,3 pockets,1,,0.40,UNCHECKED,UNREVIEWED,,0,45877093,Ventilation-pocket mask,Meas Value,MAPS_TO,,<auto>,1696459880449,
3000,3000,2,,1.00,UNCHECKED,UNREVIEWED,,0,37116073,3000000,Meas Value,MAPS_TO,,<auto>,1696459880478,
Niet afgenomen door afd/arts,Not administered by dept/doctor,15,,0.48,UNCHECKED,UNREVIEWED,,0,1620772,Question not administered,Meas Value,MAPS_TO,,<auto>,1696459880502,
27748 P,27748 P,1,,0.26,UNCHECKED,UNREVIEWED,,0,37116223,74,Meas Value,MAPS_TO,,<auto>,1696459880502,
31228 P,31228 P,1,,0.53,UNCHECKED,UNREVIEWED,,0,37116077,312,Meas Value,MAPS_TO,,<auto>,1696459880531,
HYPER+,HYPER+,1,,0.40,UNCHECKED,UNREVIEWED,,0,45876622,Hypertension,Meas Value,MAPS_TO,,<auto>,1696459880549,
TARGET+,TARGET+,172,,0.42,UNCHECKED,UNREVIEWED,,0,45881250,Target cells,Meas Value,MAPS_TO,,<auto>,1696459880556,
28,28,1,,3.74,UNCHECKED,UNREVIEWED,,0,4081502,N alphanumeric labels,Meas Value,MAPS_TO,,<auto>,1696459880567,
3400,3400,1,,1.00,UNCHECKED,UNREVIEWED,,0,37116094,3400,Meas Value,MAPS_TO,,<auto>,1696459880574,
346.2,346.2,1,,0.52,UNCHECKED,UNREVIEWED,,0,37116179,6.2,Meas Value,MAPS_TO,,<auto>,1696459880601,
2800,2800,2,,1.00,UNCHECKED,UNREVIEWED,,0,37116055,2800,Meas Value,MAPS_TO,,<auto>,1696459880613,
HYPO+,HYPO+,137,,0.37,UNCHECKED,UNREVIEWED,,0,45876625,Hypotension,Meas Value,MAPS_TO,,<auto>,1696459880646,
350.9,350.9,1,,0.56,UNCHECKED,UNREVIEWED,,0,37115872,0.9,Meas Value,MAPS_TO,,<auto>,1696459880646,
28188 P,28188 P,1,,0.33,UNCHECKED,UNREVIEWED,,0,37203850,18800,Meas Value,MAPS_TO,,<auto>,1696459880667,
37000,37000,1,,0.97,UNCHECKED,UNREVIEWED,,0,37116108,3700,Meas Value,MAPS_TO,,<auto>,1696459880668,
niet gezien,not seen,4,,1.00,UNCHECKED,UNREVIEWED,,0,4165520,Not seen,Meas Value,MAPS_TO,,<auto>,1696459880688,
TARGET2+,TARGET2+,46,,0.34,UNCHECKED,UNREVIEWED,,0,45881916,2+,Meas Value,MAPS_TO,,<auto>,1696459880690,
40-60,40-60,73,,0.52,UNCHECKED,UNREVIEWED,,0,45883760,60-64,Meas Value,MAPS_TO,,<auto>,1696459880713,
28308 P,28308 P,1,,0.54,UNCHECKED,UNREVIEWED,,0,35626096,283,Meas Value,MAPS_TO,,<auto>,1696459880726,
HYPO++,HYPO++,30,,0.44,UNCHECKED,UNREVIEWED,,0,4126673,++,Meas Value,MAPS_TO,,<auto>,1696459880729,
400.6,400.6,1,,0.52,UNCHECKED,UNREVIEWED,,0,37117681,0.6,Meas Value,MAPS_TO,,<auto>,1696459880769,
28509 P,28509 P,1,,0.44,UNCHECKED,UNREVIEWED,,0,37116242,850,Meas Value,MAPS_TO,,<auto>,1696459880791,
TARGET3+,TARGET3+,1,,0.31,UNCHECKED,UNREVIEWED,,0,45876467,3+,Meas Value,MAPS_TO,,<auto>,1696459880804,
Niet gezien,Not seen,52,,1.00,UNCHECKED,UNREVIEWED,,0,4165520,Not seen,Meas Value,MAPS_TO,,<auto>,1696459880828,
28993 M,28993 M,1,,0.26,UNCHECKED,UNREVIEWED,,0,45878461,1993 & earlier cases,Meas Value,MAPS_TO,,<auto>,1696459880843,
24139 P,24139 P,1,,0.52,UNCHECKED,UNREVIEWED,,0,37203857,139,Meas Value,MAPS_TO,,<auto>,1696459880893,
te weini,too little,3,,1.00,UNCHECKED,UNREVIEWED,,0,45883789,Too little,Meas Value,MAPS_TO,,<auto>,1696459880917,
"leucocytose 43,9 onbegrepen pulm zwak waarbij reanimatie setting neurologisch e,m,v onverklaarbaar",leucocytosis 43.9 unexplained pulm weak with resuscitation setting neurological and inexplicable,1,,0.26,UNCHECKED,UNREVIEWED,,0,706366,Cardiopulmonary resuscitation,Meas Value,MAPS_TO,,<auto>,1696459880920,
immuungecompr. bij chemotherapie,immunocomp. in chemotherapy,1,,0.56,UNCHECKED,UNREVIEWED,,0,45879751,Chemotherapy,Meas Value,MAPS_TO,,<auto>,1696459880934,
24216 M,24216 M,1,,0.53,UNCHECKED,UNREVIEWED,,0,35626203,216,Meas Value,MAPS_TO,,<auto>,1696459880944,
24285 P,24285 P,1,,0.55,UNCHECKED,UNREVIEWED,,0,37116139,428,Meas Value,MAPS_TO,,<auto>,1696459880980,
"dysmegakaryopoïese, ook micro megakaryocyten","dysmegakaryopoiesis, also micro megakaryocytes",5,,0.37,UNCHECKED,UNREVIEWED,,0,45884176,Microcytes,Meas Value,MAPS_TO,,<auto>,1696459881020,
24721 M,24721 M,1,,0.41,UNCHECKED,UNREVIEWED,,0,36308658,c.4721delT,Meas Value,MAPS_TO,,<auto>,1696459881029,
Niet interpreteerbaar,Not interpretable,1,,0.75,UNCHECKED,UNREVIEWED,,0,1621065,Interpretation,Meas Value,MAPS_TO,,<auto>,1696459881031,
te weinig,too few,45,,0.67,UNCHECKED,UNREVIEWED,,0,45878239,Few,Meas Value,MAPS_TO,,<auto>,1696459881039,
leucocytose prognose,leukocytosis prognosis,1,,0.63,UNCHECKED,UNREVIEWED,,0,45878743,Leukocytes,Meas Value,MAPS_TO,,<auto>,1696459881071,
24727 P,24727 P,1,,0.26,UNCHECKED,UNREVIEWED,,0,37118576,72,Meas Value,MAPS_TO,,<auto>,1696459881081,
24886 P,24886 P,1,,0.27,UNCHECKED,UNREVIEWED,,0,36309650,Q248H,Meas Value,MAPS_TO,,<auto>,1696459881128,
Dysmorfe ery's?,Dysmorphic erys?,195,,0.32,UNCHECKED,UNREVIEWED,,0,36310914,Morphine,Meas Value,MAPS_TO,,<auto>,1696459881173,
25033 P,25033 P,1,,0.32,UNCHECKED,UNREVIEWED,,0,37116037,250,Meas Value,MAPS_TO,,<auto>,1696459881205,
In dif myelocyten. Vg mantelcellymfoom,In dif myelocytes. Vg mantle cell lymphoma,1,,0.49,UNCHECKED,UNREVIEWED,,0,42530779,Mantle cell lymphoma,Meas Value,MAPS_TO,,<auto>,1696459881232,
251.0,251.0,1,,0.42,UNCHECKED,UNREVIEWED,,0,37204844,1.05,Meas Value,MAPS_TO,,<auto>,1696459881247,
lichte dyserythropoïese,mild dyserythropoiesis,1,,0.72,UNCHECKED,UNREVIEWED,,0,45879767,Dyserythropoieisis,Meas Value,MAPS_TO,,<auto>,1696459881288,
ECHIN+,ECHIN+,398,,0.37,APPROVED,EQUAL,Patrick Thoral,1696461698606,45878406,Burr cells,Meas Value,MAPS_TO,,Patrick Thoral,1696461697053,
252.0,252.0,1,,0.60,UNCHECKED,UNREVIEWED,,0,37116164,52.5,Meas Value,MAPS_TO,,<auto>,1696459881294,
Te weinig ery's voor diff.,Too few ery's for diff.,10,,0.31,UNCHECKED,UNREVIEWED,,0,45876565,Every few days,Meas Value,MAPS_TO,,<auto>,1696459881308,
Niet interpreteerbaar.,Not interpretable.,509,,0.61,APPROVED,EQUAL,Patrick Thoral,1696461390353,42530712,No result obtained,Meas Value,MAPS_TO,,Patrick Thoral,1696461389546,
25224 M,25224 M,1,,0.61,UNCHECKED,UNREVIEWED,,0,37118567,522,Meas Value,MAPS_TO,,<auto>,1696459881368,
ECHIN++,ECHIN++,95,,0.46,UNCHECKED,UNREVIEWED,,0,4126673,++,Meas Value,MAPS_TO,,<auto>,1696459881405,
Niet te,Not too,4,,0.63,UNCHECKED,UNREVIEWED,,0,37079081,Not too well,Meas Value,MAPS_TO,,<auto>,1696459881449,
25230 P,25230 P,2,,0.47,UNCHECKED,UNREVIEWED,,0,3661856,230,Meas Value,MAPS_TO,,<auto>,1696459881473,
lichte dysmegakaryopoïese,mild dysmegakaryopoiesis,2,,0.34,UNCHECKED,UNREVIEWED,,0,37079146,No dysmetria,Meas Value,MAPS_TO,,<auto>,1696459881485,
ECHIN+++,ECHIN+++,22,,0.61,UNCHECKED,UNREVIEWED,,0,4125547,+++,Meas Value,MAPS_TO,,<auto>,1696459881519,
Inhoud verwijderd,Content removed,3732,,0.79,APPROVED,EQUAL,Patrick Thoral,1696459928840,45880005,Removed,Meas Value,MAPS_TO,,<auto>,1696459881525,
25398 P,25398 P,2,,0.41,UNCHECKED,UNREVIEWED,,0,4118488,LT 398,Meas Value,MAPS_TO,,<auto>,1696459881550,
25547 P,25547 P,1,,0.26,UNCHECKED,UNREVIEWED,,0,37116167,54,Meas Value,MAPS_TO,,<auto>,1696459881596,
niet te beoordelen,not judgeable,53,,0.64,UNCHECKED,UNREVIEWED,,0,37079415,Cannot be judged,Meas Value,MAPS_TO,,<auto>,1696459881599,
linksverschuiving,left shift,1,,0.71,UNCHECKED,UNREVIEWED,,0,45882383,Shift change,Meas Value,MAPS_TO,,<auto>,1696459881611,
Te weinig ery's voor differentiatie,Too few erys for differentiation,51,,0.47,UNCHECKED,UNREVIEWED,,0,36308886,Differential,Meas Value,MAPS_TO,,<auto>,1696459881633,
25577 P,25577 P,1,,0.26,UNCHECKED,UNREVIEWED,,0,37116174,57,Meas Value,MAPS_TO,,<auto>,1696459881645,
eosinofilie,eosinophilia,1,,0.78,UNCHECKED,UNREVIEWED,,0,45884164,Eosinophils,Meas Value,MAPS_TO,,<auto>,1696459881659,
iom 5C afgekeurd,rejected by 5C,1,,0.74,UNCHECKED,UNREVIEWED,,0,36310369,Rejected,Meas Value,MAPS_TO,,<auto>,1696459881682,
25578 M,25578 M,1,,0.28,UNCHECKED,UNREVIEWED,,0,37116174,57,Meas Value,MAPS_TO,,<auto>,1696459881690,
25634 P,25634 P,1,,0.44,UNCHECKED,UNREVIEWED,,0,35615207,1.563,Meas Value,MAPS_TO,,<auto>,1696459881754,
Niet te beoordelen,Not judgeable,25,,0.64,UNCHECKED,UNREVIEWED,,0,37079415,Cannot be judged,Meas Value,MAPS_TO,,<auto>,1696459881765,
longoedeem,pulmonary edema,1,,1.00,UNCHECKED,UNREVIEWED,,0,45878869,Pulmonary edema,Meas Value,MAPS_TO,,<auto>,1696459881787,
25635 M,25635 M,1,,0.49,UNCHECKED,UNREVIEWED,,0,35615207,1.563,Meas Value,MAPS_TO,,<auto>,1696459881810,
iom hematoloog,iom hematologist,1,,0.56,UNCHECKED,UNREVIEWED,,0,706284,Hematology,Meas Value,MAPS_TO,,<auto>,1696459881854,
25834 M,25834 M,1,,0.60,UNCHECKED,UNREVIEWED,,0,37205183,583,Meas Value,MAPS_TO,,<auto>,1696459881865,
1:4,1:4,1,,1.63,UNCHECKED,UNREVIEWED,,0,4079445,LT alphanumeric labels,Meas Value,MAPS_TO,,<auto>,1696459881965,
eosinofilie??? (zie aanvraag),eosinophilia??? (see request),1,,0.24,UNCHECKED,UNREVIEWED,,0,45884164,Eosinophils,Meas Value,MAPS_TO,,<auto>,1696459881972,
te weinig erythrocyten voor differentatie,too few erythrocytes for differentiation,26,,0.52,UNCHECKED,UNREVIEWED,,0,45881234,Erythrocytes,Meas Value,MAPS_TO,,<auto>,1696459882019,
lood intox?,lead intox?,1,,0.27,UNCHECKED,UNREVIEWED,,0,36309731,Lead,Meas Value,MAPS_TO,,<auto>,1696459882036,
1:40,1:40,24,,0.31,UNCHECKED,UNREVIEWED,,0,36032482,HLA-B*27:40,Meas Value,MAPS_TO,,<auto>,1696459882047,
IOM VP afgekeurd,IOM VP rejected,1,,0.62,UNCHECKED,UNREVIEWED,,0,36310369,Rejected,Meas Value,MAPS_TO,,<auto>,1696459882077,
TEAR+,TEAR+,49,,0.32,UNCHECKED,UNREVIEWED,,0,706385,Team,Meas Value,MAPS_TO,,<auto>,1696459882087,
EPIT.CYL,EPIT.CYL,2,,0.27,UNCHECKED,UNREVIEWED,,0,45882639,R.O.T.C.,Meas Value,MAPS_TO,,<auto>,1696459882101,
1:64,1:64,1,,0.23,UNCHECKED,UNREVIEWED,,0,37116199,64,Meas Value,MAPS_TO,,<auto>,1696459882138,
Niet te beoordelen enkel echinocyten,"Cannot be assessed, only echinocytes",1,,0.58,UNCHECKED,UNREVIEWED,,0,36210297,Cannot be assessed,Meas Value,MAPS_TO,,<auto>,1696459882147,
TEAR++,TEAR++,3,,0.43,UNCHECKED,UNREVIEWED,,0,4126673,++,Meas Value,MAPS_TO,,<auto>,1696459882152,
LUMC,LUMC,5,,0.18,UNCHECKED,UNREVIEWED,,0,1620853,Lumbar,Meas Value,MAPS_TO,,<auto>,1696459882170,
1:8,1:8,1,,1.46,UNCHECKED,UNREVIEWED,,0,4080894,Null,Meas Value,MAPS_TO,,<auto>,1696459882202,
1:80,1:80,26,,0.18,UNCHECKED,UNREVIEWED,,0,37110762,80,Meas Value,MAPS_TO,,<auto>,1696459882272,
10-20,10-20,579,,0.68,APPROVED,EQUAL,Patrick Thoral,1696461303064,36309475,11-20 cells,Meas Value,MAPS_TO,,Patrick Thoral,1696461302029,
10.7,10.7,1,,1.00,UNCHECKED,UNREVIEWED,,0,37205193,10.7,Meas Value,MAPS_TO,,<auto>,1696459882389,
MAKRO+,MAKRO+,19,,0.22,UNCHECKED,UNREVIEWED,,0,46237523,AK,Meas Value,MAPS_TO,,<auto>,1696459882389,
niet te beoordelen ivm doornappels,Cannot be judged due to datura,1,,0.82,UNCHECKED,UNREVIEWED,,0,37079415,Cannot be judged,Meas Value,MAPS_TO,,<auto>,1696459882454,
ter uitsluiting agranulocytose,to rule out agranulocytosis,2,,0.48,UNCHECKED,UNREVIEWED,,0,45882153,Anulocytes,Meas Value,MAPS_TO,,<auto>,1696459882455,
100,100,2,,1.00,UNCHECKED,UNREVIEWED,,0,36303220,100,Meas Value,MAPS_TO,,<auto>,1696459882466,
100%,100%,11,,1.00,UNCHECKED,UNREVIEWED,,0,45883548,100%,Meas Value,MAPS_TO,,<auto>,1696459882555,
ery's aanwezig maar niet te bepalen ivm te veel leucos en gist,ery's present but cannot be determined due to too much leucos and yeast,1,,0.46,UNCHECKED,UNREVIEWED,,0,36210223,Cannot be determined,Meas Value,MAPS_TO,,<auto>,1696459882565,
TeWeinig,Too few,42,,0.67,UNCHECKED,UNREVIEWED,,0,45878239,Few,Meas Value,MAPS_TO,,<auto>,1696459882572,
MAKRO++,MAKRO++,2,,0.40,UNCHECKED,UNREVIEWED,,0,4126673,++,Meas Value,MAPS_TO,,<auto>,1696459882573,
"IRGA-set te lang buiten de stoof, wordt MA xx-xx-xx opnieuw ingestuurd.","IRGA set left out of the oven for too long, MA xx-xx-xx will be re-sent.",1,,0.21,UNCHECKED,UNREVIEWED,,0,45884505,"Painting, at least half of the wall area",Meas Value,MAPS_TO,,<auto>,1696459882585,
1000,1000,1,,1.00,UNCHECKED,UNREVIEWED,,0,37115910,1000000,Meas Value,MAPS_TO,,<auto>,1696459882587,
106.5,106.5,1,,0.54,UNCHECKED,UNREVIEWED,,0,37118570,6.5,Meas Value,MAPS_TO,,<auto>,1696459882618,
ERY.CYL,ERY.CYL,6,,0.48,UNCHECKED,UNREVIEWED,,0,45878835,Surgery.colorectal,Meas Value,MAPS_TO,,<auto>,1696459882636,
107.2,107.2,1,,0.55,UNCHECKED,UNREVIEWED,,0,37115914,107,Meas Value,MAPS_TO,,<auto>,1696459882650,
MASSAGE,MASSAGE,1,,1.00,UNCHECKED,UNREVIEWED,,0,21498681,Massage,Meas Value,MAPS_TO,,<auto>,1696459882676,
107.8,107.8,1,,0.54,UNCHECKED,UNREVIEWED,,0,37115914,107,Meas Value,MAPS_TO,,<auto>,1696459882688,
TEWEINIG,TOO FEW,3,,0.67,UNCHECKED,UNREVIEWED,,0,45878239,Few,Meas Value,MAPS_TO,,<auto>,1696459882693,
11,11,2,,1.00,UNCHECKED,UNREVIEWED,,0,45881814,11,Meas Value,MAPS_TO,,<auto>,1696459882740,
Niet te beoordelen ivm doornappels,Cannot be assessed due to datura,1,,0.71,UNCHECKED,UNREVIEWED,,0,36210297,Cannot be assessed,Meas Value,MAPS_TO,,<auto>,1696459882744,
1100,1100,2,,1.00,UNCHECKED,UNREVIEWED,,0,37118479,1100,Meas Value,MAPS_TO,,<auto>,1696459882787,
TNO,TNO,1,,0.55,UNCHECKED,UNREVIEWED,,0,46237505,TN,Meas Value,MAPS_TO,,<auto>,1696459882796,
1200,1200,2,,1.00,UNCHECKED,UNREVIEWED,,0,37115929,1200,Meas Value,MAPS_TO,,<auto>,1696459882853,
ivm hoog eo's bij HA,due to high eo's at HA,1,,0.25,UNCHECKED,UNREVIEWED,,0,45885145,Too high,Meas Value,MAPS_TO,,<auto>,1696459882863,
faecale verontreiniging???,fecal pollution???,1,,0.11,UNCHECKED,UNREVIEWED,,0,45885195,Infection,Meas Value,MAPS_TO,,<auto>,1696459882864,
12000,12000,1,,1.00,UNCHECKED,UNREVIEWED,,0,37115931,1200000,Meas Value,MAPS_TO,,<auto>,1696459882889,
toename mestcellen,increase in mast cells,1,,0.57,UNCHECKED,UNREVIEWED,,0,1620554,Increase,Meas Value,MAPS_TO,,<auto>,1696459882986,
Materiaal lekkend uit potjes en besmeurd ontvangen,Material leaking from jars and received stained,1,,0.47,UNCHECKED,UNREVIEWED,,0,1990530,Received,Meas Value,MAPS_TO,,<auto>,1696459883041,
geen,no,1,,1.00,UNCHECKED,UNREVIEWED,,0,45878245,No,Meas Value,MAPS_TO,,<auto>,1696459883081,
Niet te lezen motivatie,Motivation that cannot be read,1,,0.49,UNCHECKED,UNREVIEWED,,0,36210297,Cannot be assessed,Meas Value,MAPS_TO,,<auto>,1696459883087,
fecale verontreiniging?,fecal contamination?,2,,0.38,UNCHECKED,UNREVIEWED,,0,45883936,Decontamination,Meas Value,MAPS_TO,,<auto>,1696459883091,
ivm leuco's > 50,due to leucos > 50,1,,0.52,UNCHECKED,UNREVIEWED,,0,1762674,Severe > 5 mm,Meas Value,MAPS_TO,,<auto>,1696459883103,
TRI.FOSF,TRI.FOSF,31,,0.38,UNCHECKED,UNREVIEWED,,0,45879754,Fungi.filamentous,Meas Value,MAPS_TO,,<auto>,1696459883105,
Geen,No,1,,1.00,UNCHECKED,UNREVIEWED,,0,45878245,No,Meas Value,MAPS_TO,,<auto>,1696459883119,
ft5902,ft5902,1,,0.45,UNCHECKED,UNREVIEWED,,0,37205184,590,Meas Value,MAPS_TO,,<auto>,1696459883135,
ft5976,ft5976,1,,0.35,UNCHECKED,UNREVIEWED,,0,1621066,T5,Meas Value,MAPS_TO,,<auto>,1696459883185,
122 ug/ml Dabigatran gemeten,122 ug/ml Dabigatran measured,1,,0.59,UNCHECKED,UNREVIEWED,,0,36310002,Dabigatran,Meas Value,MAPS_TO,,<auto>,1696459883192,
FRAGM+,FRAGM+,129,,0.51,UNCHECKED,UNREVIEWED,,0,45881246,Fragments,Meas Value,MAPS_TO,,<auto>,1696459883203,
WEINIG,FEW,5055,,1.00,APPROVED,EQUAL,Patrick Thoral,1696460098935,45878239,Few,Meas Value,MAPS_TO,,<auto>,1696459883205,
125,125,1,,1.00,UNCHECKED,UNREVIEWED,,0,37118480,125,Meas Value,MAPS_TO,,<auto>,1696459883226,
ft5979,ft5979,1,,0.35,UNCHECKED,UNREVIEWED,,0,1621066,T5,Meas Value,MAPS_TO,,<auto>,1696459883241,
GEEN-AFW,NO-DEV,6,,0.37,UNCHECKED,UNREVIEWED,,0,21499024,Crescendo-decrescendo murmur,Meas Value,MAPS_TO,,<auto>,1696459883270,
13,13,1,,1.00,UNCHECKED,UNREVIEWED,,0,37117693,13,Meas Value,MAPS_TO,,<auto>,1696459883280,
ft6031,ft6031,1,,0.38,UNCHECKED,UNREVIEWED,,0,1620954,T6,Meas Value,MAPS_TO,,<auto>,1696459883282,
FRAGM++,FRAGM++,21,,0.41,UNCHECKED,UNREVIEWED,,0,4126673,++,Meas Value,MAPS_TO,,<auto>,1696459883305,
13.5,13.5,1,,1.00,UNCHECKED,UNREVIEWED,,0,37117694,13.5,Meas Value,MAPS_TO,,<auto>,1696459883316,
ft6098,ft6098,1,,0.36,UNCHECKED,UNREVIEWED,,0,1620954,T6,Meas Value,MAPS_TO,,<auto>,1696459883325,
1300,1300,2,,0.89,UNCHECKED,UNREVIEWED,,0,37117695,130,Meas Value,MAPS_TO,,<auto>,1696459883360,
ft6308,ft6308,1,,0.42,UNCHECKED,UNREVIEWED,,0,35624755,630,Meas Value,MAPS_TO,,<auto>,1696459883371,
13000,13000,1,,0.85,UNCHECKED,UNREVIEWED,,0,37117695,130,Meas Value,MAPS_TO,,<auto>,1696459883393,
ivm mogelijke donatieprocedure,regarding possible donation procedure,1,,0.56,UNCHECKED,UNREVIEWED,,0,45882954,Possible,Meas Value,MAPS_TO,,<auto>,1696459883406,
FRAGM+++,FRAGM+++,3,,0.55,UNCHECKED,UNREVIEWED,,0,4125547,+++,Meas Value,MAPS_TO,,<auto>,1696459883410,
ft6332,ft6332,1,,0.36,UNCHECKED,UNREVIEWED,,0,1620954,T6,Meas Value,MAPS_TO,,<auto>,1696459883414,
14,14,1,,1.00,UNCHECKED,UNREVIEWED,,0,37115948,14,Meas Value,MAPS_TO,,<auto>,1696459883451,
geen afwijking,no deviation,2,,0.72,UNCHECKED,UNREVIEWED,,0,1990310,No lateral deviation,Meas Value,MAPS_TO,,<auto>,1696459883463,
ft6391,ft6391,1,,0.35,UNCHECKED,UNREVIEWED,,0,1620954,T6,Meas Value,MAPS_TO,,<auto>,1696459883471,
14.0,14.0,1,,0.44,UNCHECKED,UNREVIEWED,,0,45881729,(14.0-21.9),Meas Value,MAPS_TO,,<auto>,1696459883489,
ft6406,ft6406,1,,0.42,UNCHECKED,UNREVIEWED,,0,35626101,640,Meas Value,MAPS_TO,,<auto>,1696459883506,
1400,1400,3,,0.96,UNCHECKED,UNREVIEWED,,0,35626250,14000,Meas Value,MAPS_TO,,<auto>,1696459883532,
xx-xx-xx iom Aios MMI kweek niet nodig,xx-xx-xx iom Aios MMI breeding not necessary,1,,0.32,UNCHECKED,UNREVIEWED,,0,1035230,Not neccessary,Meas Value,MAPS_TO,,<auto>,1696459883544,
ft6544,ft6544,1,,0.35,UNCHECKED,UNREVIEWED,,0,1620954,T6,Meas Value,MAPS_TO,,<auto>,1696459883546,
Klasse 0,Class 0,1,,0.61,UNCHECKED,UNREVIEWED,,0,36307969,Class I,Meas Value,MAPS_TO,,<auto>,1696459883548,
145.5,145.5,1,,0.64,UNCHECKED,UNREVIEWED,,0,37115954,145,Meas Value,MAPS_TO,,<auto>,1696459883561,
fragmentocyten ?,fragmentocytes ?,1,,0.48,UNCHECKED,UNREVIEWED,,0,45881246,Fragments,Meas Value,MAPS_TO,,<auto>,1696459883571,
ft6549,ft6549,1,,0.34,UNCHECKED,UNREVIEWED,,0,1620954,T6,Meas Value,MAPS_TO,,<auto>,1696459883591,
15,15,1,,1.00,UNCHECKED,UNREVIEWED,,0,37115955,15,Meas Value,MAPS_TO,,<auto>,1696459883599,
16.2,16.2,1,,1.00,UNCHECKED,UNREVIEWED,,0,37115968,16.2,Meas Value,MAPS_TO,,<auto>,1696459883626,
ft6551,ft6551,1,,0.35,UNCHECKED,UNREVIEWED,,0,1620954,T6,Meas Value,MAPS_TO,,<auto>,1696459883631,
16.7,16.7,1,,1.00,UNCHECKED,UNREVIEWED,,0,37115970,16.7,Meas Value,MAPS_TO,,<auto>,1696459883650,
ft6608,ft6608,1,,0.42,UNCHECKED,UNREVIEWED,,0,37116205,660,Meas Value,MAPS_TO,,<auto>,1696459883669,
1600,1600,1,,1.00,UNCHECKED,UNREVIEWED,,0,37115972,1600,Meas Value,MAPS_TO,,<auto>,1696459883699,
Fragmentocyten?,Fragmentocytes?,133,,0.50,UNCHECKED,UNREVIEWED,,0,45881246,Fragments,Meas Value,MAPS_TO,,<auto>,1696459883701,
ft6635,ft6635,1,,0.35,UNCHECKED,UNREVIEWED,,0,1620954,T6,Meas Value,MAPS_TO,,<auto>,1696459883710,
166.9,166.9,1,,0.64,UNCHECKED,UNREVIEWED,,0,37205189,166,Meas Value,MAPS_TO,,<auto>,1696459883733,
ft6677,ft6677,1,,0.38,UNCHECKED,UNREVIEWED,,0,37116211,667,Meas Value,MAPS_TO,,<auto>,1696459883752,
1700,1700,2,,0.97,UNCHECKED,UNREVIEWED,,0,37115981,17000,Meas Value,MAPS_TO,,<auto>,1696459883772,
Geen basofiele puncetering in ery's waargenomen,No basophilic punctation in erys observed,1,,0.40,UNCHECKED,UNREVIEWED,,0,36309800,Not observed,Meas Value,MAPS_TO,,<auto>,1696459883792,
17000,17000,1,,1.00,UNCHECKED,UNREVIEWED,,0,37115981,17000,Meas Value,MAPS_TO,,<auto>,1696459883797,
ft6741,ft6741,1,,0.35,UNCHECKED,UNREVIEWED,,0,1620954,T6,Meas Value,MAPS_TO,,<auto>,1696459883803,
175.2,175.2,1,,0.60,UNCHECKED,UNREVIEWED,,0,37116153,5.2,Meas Value,MAPS_TO,,<auto>,1696459883834,
ft6742,ft6742,1,,0.35,UNCHECKED,UNREVIEWED,,0,1620954,T6,Meas Value,MAPS_TO,,<auto>,1696459883844,
>1000,>1000,3,,0.69,UNCHECKED,UNREVIEWED,,0,1620621,>10 hours,Meas Value,MAPS_TO,,<auto>,1696459883876,
"kleine vlokjes met weinig cellen, toename mestcellen","small flakes with few cells, increase in mast cells",1,,0.29,UNCHECKED,UNREVIEWED,,0,45884103,Bridging with fibrosis with few septa,Meas Value,MAPS_TO,,<auto>,1696459883905,
ca-199,ca-199,1,,0.37,UNCHECKED,UNREVIEWED,,0,45876968,15-19,Meas Value,MAPS_TO,,<auto>,1696459883927,
>1000.0,>1000.0,5,,0.56,UNCHECKED,UNREVIEWED,,0,1620621,>10 hours,Meas Value,MAPS_TO,,<auto>,1696459883931,
fragmentocyten?? i.v.m. thrombopenie,fragmentocytes?? i.v. thrombopenia,1,,0.26,UNCHECKED,UNREVIEWED,,0,45881246,Fragments,Meas Value,MAPS_TO,,<auto>,1696459883944,
>100000,>100000,4,,0.69,UNCHECKED,UNREVIEWED,,0,1620621,>10 hours,Meas Value,MAPS_TO,,<auto>,1696459883974,
"xx-xx-xx iom Aios MMI niet doen, kweek is reeds uitgevoerd op serum.","xx-xx-xx iom Aios MMI do not do, culture has already been performed on serum.",1,,0.29,UNCHECKED,UNREVIEWED,,0,45882038,Medication already taken,Meas Value,MAPS_TO,,<auto>,1696459883976,
Geen bijzonderheden,Nothing unusual,94,,0.52,UNCHECKED,UNREVIEWED,,0,45882948,Usually,Meas Value,MAPS_TO,,<auto>,1696459883985,
ft4599,ft4599,1,,0.33,UNCHECKED,UNREVIEWED,,0,45882493,T4,Meas Value,MAPS_TO,,<auto>,1696459883986,
>20,>20,1023,,0.92,APPROVED,EQUAL,Patrick Thoral,1696460900807,36310085,21-50 cells,Meas Value,MAPS_TO,,Patrick Thoral,1696460899542,
ft4709,ft4709,1,,0.32,UNCHECKED,UNREVIEWED,,0,45882493,T4,Meas Value,MAPS_TO,,<auto>,1696459884026,
Klin.Imm,Klin.Imm,4,,0.26,UNCHECKED,UNREVIEWED,,0,21499399,Tinkling,Meas Value,MAPS_TO,,<auto>,1696459884058,
>200000,>200000,1,,0.97,UNCHECKED,UNREVIEWED,,0,1620301,>2000 ml,Meas Value,MAPS_TO,,<auto>,1696459884061,
Geen Byz,No Byz,299,,0.32,UNCHECKED,UNREVIEWED,,0,45878144,No blood,Meas Value,MAPS_TO,,<auto>,1696459884063,
ft4717,ft4717,1,,0.31,UNCHECKED,UNREVIEWED,,0,45882493,T4,Meas Value,MAPS_TO,,<auto>,1696459884074,
AML,AML,1,,0.06,UNCHECKED,UNREVIEWED,,0,46237549,Cream,Meas Value,MAPS_TO,,<auto>,1696459884092,
celcilinders?,cell cylinders?,2,,0.22,UNCHECKED,UNREVIEWED,,0,45878362,Null cell,Meas Value,MAPS_TO,,<auto>,1696459884098,
ft4719,ft4719,1,,0.31,UNCHECKED,UNREVIEWED,,0,45882493,T4,Meas Value,MAPS_TO,,<auto>,1696459884117,
>500,>500,1,,0.79,UNCHECKED,UNREVIEWED,,0,36309345,>50 cells,Meas Value,MAPS_TO,,<auto>,1696459884139,
ft4899,ft4899,1,,0.30,UNCHECKED,UNREVIEWED,,0,45882493,T4,Meas Value,MAPS_TO,,<auto>,1696459884151,
AMORF,AMORPH,592,,0.69,APPROVED,EQUAL,Patrick Thoral,1696461246865,45879759,Amorphous sediment,Meas Value,MAPS_TO,,Patrick Thoral,1696461246122,
ft5045,ft5045,1,,0.39,UNCHECKED,UNREVIEWED,,0,1621066,T5,Meas Value,MAPS_TO,,<auto>,1696459884219,
>60,>60,93,,0.28,UNCHECKED,UNREVIEWED,,0,36308114,>65 years,Meas Value,MAPS_TO,,<auto>,1696459884220,
0,0,12,,4.87,UNCHECKED,UNREVIEWED,,0,4118491,LT 82,Meas Value,MAPS_TO,,<auto>,1696459884241,
xx-xx-xx iom VPK opnieuw afnemen virusstok is verlopen,xx-xx-xx iom VPK retake virus stick has expired,2,,0.30,UNCHECKED,UNREVIEWED,,0,45882186,Expired,Meas Value,MAPS_TO,,<auto>,1696459884258,
ft5067,ft5067,1,,0.38,UNCHECKED,UNREVIEWED,,0,1621066,T5,Meas Value,MAPS_TO,,<auto>,1696459884274,
0-10,0-10,30,,0.78,UNCHECKED,UNREVIEWED,,0,1620795,500-1000 ml,Meas Value,MAPS_TO,,<auto>,1696459884300,
ft5160,ft5160,1,,0.41,UNCHECKED,UNREVIEWED,,0,1621066,T5,Meas Value,MAPS_TO,,<auto>,1696459884307,
analyse,analysis,1,,0.75,UNCHECKED,UNREVIEWED,,0,45883630,Paralysis,Meas Value,MAPS_TO,,<auto>,1696459884317,
Geen cilinders waargenomen.,No cylinders observed.,6,,0.49,UNCHECKED,UNREVIEWED,,0,36309800,Not observed,Meas Value,MAPS_TO,,<auto>,1696459884338,
ft5173,ft5173,1,,0.38,UNCHECKED,UNREVIEWED,,0,1621066,T5,Meas Value,MAPS_TO,,<auto>,1696459884339,
0-10%,0-10%,3,,0.65,UNCHECKED,UNREVIEWED,,0,45884686,10%,Meas Value,MAPS_TO,,<auto>,1696459884359,
ft5304,ft5304,1,,0.37,UNCHECKED,UNREVIEWED,,0,1621066,T5,Meas Value,MAPS_TO,,<auto>,1696459884377,
"Cilinders, leuco's?","Cylinders, leucos?",2,,0.19,UNCHECKED,UNREVIEWED,,0,45876646,"At least 4 hours, but less than 12 hours",Meas Value,MAPS_TO,,<auto>,1696459884379,
0-5,0-5,2737,,0.68,APPROVED,EQUAL,Patrick Thoral,1696460878565,36309538,0 cells,Meas Value,MAPS_TO,,Patrick Thoral,1696460877160,
ft5305,ft5305,1,,0.38,UNCHECKED,UNREVIEWED,,0,37116075,305,Meas Value,MAPS_TO,,<auto>,1696459884420,
0.3,0.3,1,,1.00,UNCHECKED,UNREVIEWED,,0,37117676,0.3,Meas Value,MAPS_TO,,<auto>,1696459884431,
1,1,1,,4.87,UNCHECKED,UNREVIEWED,,0,4118491,LT 82,Meas Value,MAPS_TO,,<auto>,1696459884451,
ft5307,ft5307,1,,0.38,UNCHECKED,UNREVIEWED,,0,1621066,T5,Meas Value,MAPS_TO,,<auto>,1696459884465,
CLB,CLB,21,,0.14,UNCHECKED,UNREVIEWED,,0,45884245,Albania,Meas Value,MAPS_TO,,<auto>,1696459884466,
ft5412,ft5412,1,,0.51,UNCHECKED,UNREVIEWED,,0,36309854,T54A,Meas Value,MAPS_TO,,<auto>,1696459884504,
Geen ery's waargenomen.,No erys observed.,2,,0.50,UNCHECKED,UNREVIEWED,,0,36309800,Not observed,Meas Value,MAPS_TO,,<auto>,1696459884554,
ft5445,ft5445,1,,0.50,UNCHECKED,UNREVIEWED,,0,36309854,T54A,Meas Value,MAPS_TO,,<auto>,1696459884573,
analyse trombocytopenie HITT?,analysis of thrombocytopenia HITT?,1,,0.36,UNCHECKED,UNREVIEWED,,0,45882672,Idiopathic thrombocytopenia (ITP),Meas Value,MAPS_TO,,<auto>,1696459884613,
controle leukemie,control leukemia,1,,0.85,UNCHECKED,UNREVIEWED,,0,45879888,Leukemia,Meas Value,MAPS_TO,,<auto>,1696459884638,
ft5450,ft5450,1,,0.53,UNCHECKED,UNREVIEWED,,0,36309854,T54A,Meas Value,MAPS_TO,,<auto>,1696459884638,
ft5554,ft5554,1,,0.42,UNCHECKED,UNREVIEWED,,0,37116170,555,Meas Value,MAPS_TO,,<auto>,1696459884679,
ft5567,ft5567,1,,0.45,UNCHECKED,UNREVIEWED,,0,37116171,556,Meas Value,MAPS_TO,,<auto>,1696459884716,
ANISO+,ANISO+,4478,,0.22,APPROVED,EQUAL,Patrick Thoral,1696461556033,45878420,Anisocytosis,Meas Value,MAPS_TO,,Patrick Thoral,1696461225436,
ANISO+,ANISO+,4478,,0.22,APPROVED,EQUAL,Patrick Thoral,1696461556033,40479985,Present one plus out of three plus,Meas Value,MAPS_TO,,Patrick Thoral,1696461552395,
1 leucocilinder gezien,Seen 1 leuco cylinder,1,,0.25,UNCHECKED,UNREVIEWED,,0,21499251,None seen,Meas Value,MAPS_TO,,<auto>,1696459884730,
ft5726,ft5726,1,,0.38,UNCHECKED,UNREVIEWED,,0,37116175,5728,Meas Value,MAPS_TO,,<auto>,1696459884766,
xx-xx-xx iom VPK wordt nieuwe kweek afgenomen. Materiaal zonder patiensticker ontvangen,xx-xx-xx new culture is taken in accordance with VPK. Received material without patient sticker,1,,0.21,UNCHECKED,UNREVIEWED,,0,45885035,Patient has received PPV in the past,Meas Value,MAPS_TO,,<auto>,1696459884778,
"1,025","1,025",1,,0.36,UNCHECKED,UNREVIEWED,,0,45882999,"101-1,000 shots",Meas Value,MAPS_TO,,<auto>,1696459884786,
controle leukemnie,control leukemia,1,,0.85,UNCHECKED,UNREVIEWED,,0,45879888,Leukemia,Meas Value,MAPS_TO,,<auto>,1696459884788,
geen fragmentocyten gezien,no fragmentocytes seen,1,,0.53,UNCHECKED,UNREVIEWED,,0,45881246,Fragments,Meas Value,MAPS_TO,,<auto>,1696459884790,
ANISO++,ANISO++,434,,0.45,APPROVED,EQUAL,Patrick Thoral,1696461587680,45878420,Anisocytosis,Meas Value,MAPS_TO,,Patrick Thoral,1696461571984,
ANISO++,ANISO++,434,,0.45,APPROVED,EQUAL,Patrick Thoral,1696461587680,40479562,Present two plus out of three plus,Meas Value,MAPS_TO,,Patrick Thoral,1696461584922,
1.020,"1,020",1,,0.36,UNCHECKED,UNREVIEWED,,0,45882999,"101-1,000 shots",Meas Value,MAPS_TO,,<auto>,1696459884854,
1:160,1:160,7,,0.39,UNCHECKED,UNREVIEWED,,0,37118486,160,Meas Value,MAPS_TO,,<auto>,1696459884899,
ZEER-VEE,VERY-LIVESTOCK,818,,0.40,APPROVED,EQUAL,Patrick Thoral,1696460433764,45880913,Many,Meas Value,MAPS_TO,,Patrick Thoral,1696460432511,
Controle Lymfoom,Control Lymphoma,1,,0.71,UNCHECKED,UNREVIEWED,,0,45881968,Lymphoma,Meas Value,MAPS_TO,,<auto>,1696459884938,
ANISO+++,ANISO+++,13,,0.59,UNCHECKED,UNREVIEWED,,0,4125547,+++,Meas Value,MAPS_TO,,<auto>,1696459884952,
1:2,1:2,1,,1.77,UNCHECKED,UNREVIEWED,,0,4079445,LT alphanumeric labels,Meas Value,MAPS_TO,,<auto>,1696459884975,
(Cel)cilinders?,(Cell) cylinders?,125,,0.15,UNCHECKED,UNREVIEWED,,0,36309313,Celecoxib (Celebrex),Meas Value,MAPS_TO,,<auto>,1696459885016,
Zeer veel,A lot,679,,1.00,APPROVED,EQUAL,Patrick Thoral,1696461075612,45880913,Many,Meas Value,MAPS_TO,,Patrick Thoral,1696461074192,
CREME,CREAM,1,,1.00,UNCHECKED,UNREVIEWED,,0,46237549,Cream,Meas Value,MAPS_TO,,<auto>,1696459885035,
geen fragmentocyten gezien.,no fragmentocytes seen.,1,,0.48,UNCHECKED,UNREVIEWED,,0,45881246,Fragments,Meas Value,MAPS_TO,,<auto>,1696459885046,
Apotheek,Pharmacy,211,,1.00,UNCHECKED,UNREVIEWED,,0,706503,Pharmacy,Meas Value,MAPS_TO,,<auto>,1696459885073,
ZIE-OPM,SEE-NOTE,1637,,0.53,APPROVED,UNMATCHED,Patrick Thoral,1696461004939,0,Unmapped,,MAPS_TO,,,0,
"Poly AHG=negatief. Anti-IgG, IgA, IgM, C3c en C3d = negatief","Poly AHG=negative. Anti-IgG, IgA, IgM, C3c and C3d = negative",1,,0.22,UNCHECKED,UNREVIEWED,,0,1762567,0 = None,Meas Value,MAPS_TO,,<auto>,1696459885143,
(Controle) leukemie,(Control) leukemia,11,,0.68,UNCHECKED,UNREVIEWED,,0,45879888,Leukemia,Meas Value,MAPS_TO,,<auto>,1696459885170,
geen fragmentocyten waargenomen,no fragmentocytes observed,6,,0.48,UNCHECKED,UNREVIEWED,,0,45881246,Fragments,Meas Value,MAPS_TO,,<auto>,1696459885298,
(Controle) leukemie (AML),(Control) leukemia (AML),1,,0.57,UNCHECKED,UNREVIEWED,,0,45879888,Leukemia,Meas Value,MAPS_TO,,<auto>,1696459885366,
zie aanvraag form,see application form,1,,0.56,UNCHECKED,UNREVIEWED,,0,36307653,Medicare application pending,Meas Value,MAPS_TO,,<auto>,1696459885374,
+,+,8621,,4.87,APPROVED,EQUAL,Patrick Thoral,1696459943330,40479985,Present one plus out of three plus,Meas Value,MAPS_TO,,Patrick Thoral,1696459941373,
Diff afname door derden,Diff purchase by third parties,4,,0.47,UNCHECKED,UNREVIEWED,,0,45878126,Purchasing,Meas Value,MAPS_TO,,<auto>,1696459885389,
++,++,3352,,2.35,APPROVED,EQUAL,Patrick Thoral,1696459954433,4113283,Rapid,Meas Value,MAPS_TO,,<auto>,1696459885423,
+++,+++,4775,,1.72,APPROVED,EQUAL,Patrick Thoral,1696459948644,4113283,Rapid,Meas Value,MAPS_TO,,<auto>,1696459885458,
Zie brief,See letter,12,,0.72,UNCHECKED,UNREVIEWED,,0,706423,Letter,Meas Value,MAPS_TO,,<auto>,1696459885482,
"Poly AHG=sterk pos; IgG= sterk pos; IgA, IgM, anti-C3c en anti-C3d=neg; IgG1=sterk pos; IgG3=neg.","Poly AHG=strong pos; IgG= strong pos; IgA, IgM, anti-C3c and anti-C3d=neg; IgG1=strong pos; IgG3=neg.",1,,0.16,UNCHECKED,UNREVIEWED,,0,36308252,Anti-C,Meas Value,MAPS_TO,,<auto>,1696459885497,
APTT verlengd op basis van LAC. Herhalen na minimaal 12 weken ter bevestiging,APTT extended based on LAC. Repeat after at least 12 weeks for confirmation,1,,0.44,UNCHECKED,UNREVIEWED,,0,45879878,"Yes, confirmed less than 12 weeks",Meas Value,MAPS_TO,,<auto>,1696459885512,
<1:100,<1:100,1,,0.30,UNCHECKED,UNREVIEWED,,0,1620394,<100 ml,Meas Value,MAPS_TO,,<auto>,1696459885521,
geen fragmentocyten waargenomen.,no fragmentocytes observed.,2,,0.45,UNCHECKED,UNREVIEWED,,0,45881246,Fragments,Meas Value,MAPS_TO,,<auto>,1696459885557,
<1:20,<1:20,3,,0.27,UNCHECKED,UNREVIEWED,,0,1620394,<100 ml,Meas Value,MAPS_TO,,<auto>,1696459885597,
Diff bij merg,Diff at marrow,70,,0.52,UNCHECKED,UNREVIEWED,,0,36309185,Bone marrow,Meas Value,MAPS_TO,,<auto>,1696459885604,
POLY+,POLY+,205,,0.21,UNCHECKED,UNREVIEWED,,0,36309781,Polycystic,Meas Value,MAPS_TO,,<auto>,1696459885617,
<1:40,<1:40,63,,0.25,UNCHECKED,UNREVIEWED,,0,1620394,<100 ml,Meas Value,MAPS_TO,,<auto>,1696459885670,
Aspecifiek,Non-specific,2,,0.82,UNCHECKED,UNREVIEWED,,0,21498966,Non-specific defect,Meas Value,MAPS_TO,,<auto>,1696459885682,
POLY++,POLY++,13,,0.43,UNCHECKED,UNREVIEWED,,0,4126673,++,Meas Value,MAPS_TO,,<auto>,1696459885721,
<1:80,<1:80,2,,0.23,UNCHECKED,UNREVIEWED,,0,1620394,<100 ml,Meas Value,MAPS_TO,,<auto>,1696459885732,
Zie immuunfixatie.,See immune fixation.,3,,0.49,UNCHECKED,UNREVIEWED,,0,36210419,Immune,Meas Value,MAPS_TO,,<auto>,1696459885733,
<10,<10,14,,0.95,UNCHECKED,UNREVIEWED,,0,1620394,<100 ml,Meas Value,MAPS_TO,,<auto>,1696459885770,
Auto LF,Car LF,2,,0.30,UNCHECKED,UNREVIEWED,,0,45880057,Ear lobe,Meas Value,MAPS_TO,,<auto>,1696459885807,
<1000,<1000,5,,0.95,UNCHECKED,UNREVIEWED,,0,1620394,<100 ml,Meas Value,MAPS_TO,,<auto>,1696459885827,
Geen fragmentocyten waargenomen.,No fragmentocytes observed.,1,,0.45,UNCHECKED,UNREVIEWED,,0,45881246,Fragments,Meas Value,MAPS_TO,,<auto>,1696459885836,
<5,<5,37,,2.19,UNCHECKED,UNREVIEWED,,0,4115457,Definite,Meas Value,MAPS_TO,,<auto>,1696459885870,
zie opm,see note,6,,0.66,UNCHECKED,UNREVIEWED,,0,45883896,None noted,Meas Value,MAPS_TO,,<auto>,1696459885936,
pos bij 1.0 mg/ml,pos at 1.0 mg/ml,4,,0.38,UNCHECKED,UNREVIEWED,,0,37204844,1.05,Meas Value,MAPS_TO,,<auto>,1696459885959,
<500,<500,41,,0.98,UNCHECKED,UNREVIEWED,,0,45883438,<50,Meas Value,MAPS_TO,,<auto>,1696459885990,
> 20,>20,2,,0.92,UNCHECKED,UNREVIEWED,,0,1620301,>2000 ml,Meas Value,MAPS_TO,,<auto>,1696459886073,
>=1:320,>=1:320,11,,0.39,UNCHECKED,UNREVIEWED,,0,1621218,>=14 days,Meas Value,MAPS_TO,,<auto>,1696459886154,
Geen LAC aantoonbaar.,No LAC demonstrable.,3,,0.42,UNCHECKED,UNREVIEWED,,0,36309760,Not demonstrated,Meas Value,MAPS_TO,,<auto>,1696459886190,
zie opm.,see note,55,,0.66,UNCHECKED,UNREVIEWED,,0,45883896,None noted,Meas Value,MAPS_TO,,<auto>,1696459886207,
>100,>100,3,,0.70,UNCHECKED,UNREVIEWED,,0,1620621,>10 hours,Meas Value,MAPS_TO,,<auto>,1696459886273,
pos bij 1.0 ug/ml,pos at 1.0 ug/ml,9,,0.33,UNCHECKED,UNREVIEWED,,0,37204844,1.05,Meas Value,MAPS_TO,,<auto>,1696459886279,
Bepaling weg en alternatieve bep./grp toevoegen,Remove provision and add alternative provision/group,5,,0.39,UNCHECKED,UNREVIEWED,,0,37019469,Alternative,Meas Value,MAPS_TO,,<auto>,1696459886379,
positef,positive,1,,1.00,APPROVED,EQUAL,Patrick Thoral,1696460281709,9191,Positive,Meas Value,MAPS_TO,,<auto>,1696459886425,
Zie opm.,See note.,156,,0.49,UNCHECKED,UNREVIEWED,,0,45883896,None noted,Meas Value,MAPS_TO,,<auto>,1696459886483,
geen materiaal ontvangen,no material received,1,,0.75,UNCHECKED,UNREVIEWED,,0,1990530,Received,Meas Value,MAPS_TO,,<auto>,1696459886605,
positief,positive,7,,1.00,APPROVED,EQUAL,Patrick Thoral,1696460282950,9191,Positive,Meas Value,MAPS_TO,,<auto>,1696459886611,
Directe Coombs is niet volgens de juiste procedure te bepalen vanwege de sterke koude antistoffen. Ery's bij 37graden gewassen IgG= negatief,Direct Coombs cannot be determined according to the correct procedure because of the strong cold antibodies. Ery's at 37 degrees washed IgG = negative,1,,0.31,UNCHECKED,UNREVIEWED,,0,36210545,Score cannot be determined,Meas Value,MAPS_TO,,<auto>,1696459886630,
"Poly AHG = negatief , Anti-IgG, IgA, IgM, C3c en C3d = negatief","Poly AHG = negative, Anti-IgG, IgA, IgM, C3c and C3d = negative",1,,0.25,UNCHECKED,UNREVIEWED,,0,1762567,0 = None,Meas Value,MAPS_TO,,<auto>,1696459886658,
Positief,Positive,2777,,1.00,APPROVED,EQUAL,Patrick Thoral,1696460246950,9191,Positive,Meas Value,MAPS_TO,,<auto>,1696459886828,
zie opm:,see note:,12,,0.45,UNCHECKED,UNREVIEWED,,0,45883896,None noted,Meas Value,MAPS_TO,,<auto>,1696459886835,
dry tap,dry tap,1,,0.63,UNCHECKED,UNREVIEWED,,0,45881305,Dry,Meas Value,MAPS_TO,,<auto>,1696459886870,
POSITIEF,POSITIVE,265,,1.00,APPROVED,EQUAL,Patrick Thoral,1696460276467,9191,Positive,Meas Value,MAPS_TO,,<auto>,1696459887013,
"Poly AHG = negatief , Anti-IgG, IgA, IgM, C3c en C3d = negatief , IgG1/IgG3 = negatief","Poly AHG = negative, Anti-IgG, IgA, IgM, C3c and C3d = negative, IgG1/IgG3 = negative",1,,0.21,UNCHECKED,UNREVIEWED,,0,1762567,0 = None,Meas Value,MAPS_TO,,<auto>,1696459887118,
bepalingen moeten op serum(stolbuis) i.o.m. AM/AIOS xx-xx-xx,determinations must be made on serum (coagulation tube) i.o.m. AM/AIOS xx-xx-xx,1,,0.20,UNCHECKED,UNREVIEWED,,0,45879674,Determination not made,Meas Value,MAPS_TO,,<auto>,1696459887167,
"geen materiaal ontvangen,materiaal zonder naam ontvangen","no material received, material without name received",1,,0.54,UNCHECKED,UNREVIEWED,,0,1990530,Received,Meas Value,MAPS_TO,,<auto>,1696459887254,
zie rapport Sanquin,see Sanquin report,4,,0.44,UNCHECKED,UNREVIEWED,,0,706371,Report,Meas Value,MAPS_TO,,<auto>,1696459887322,
Bewaard,Saved,210,,0.58,UNCHECKED,UNREVIEWED,,0,1620887,Cell saver,Meas Value,MAPS_TO,,<auto>,1696459887366,
ZieBrief,SeeLetter,2,,0.69,UNCHECKED,UNREVIEWED,,0,706423,Letter,Meas Value,MAPS_TO,,<auto>,1696459887499,
"Poly AHG = negatief Anti-IgG, IgA, IgM, C3c en C3d = negatief","Poly AHG = negative Anti-IgG, IgA, IgM, C3c and C3d = negative",4,,0.25,UNCHECKED,UNREVIEWED,,0,1762567,0 = None,Meas Value,MAPS_TO,,<auto>,1696459887509,
blasten,blast,1,,0.47,UNCHECKED,UNREVIEWED,,0,21499077,Blastomyces,Meas Value,MAPS_TO,,<auto>,1696459887531,
"dry tap, in deppraparaten voornamelijk blastaire cellen gezien","dry tap, mainly blastic cells are seen in blotting specimens",1,,0.32,UNCHECKED,UNREVIEWED,,0,45876997,Mainly other reasons,Meas Value,MAPS_TO,,<auto>,1696459887692,
Geen materiaal ontvangen.,No material received.,12,,0.66,UNCHECKED,UNREVIEWED,,0,1990530,Received,Meas Value,MAPS_TO,,<auto>,1696459887708,
Blasten?,Blast?,1,,0.20,UNCHECKED,UNREVIEWED,,0,45878519,Bone marrow transplant?allogeneic,Meas Value,MAPS_TO,,<auto>,1696459887742,
zwak positief,weakly positive,1,,1.00,UNCHECKED,UNREVIEWED,,0,4127785,Weakly positive,Meas Value,MAPS_TO,,<auto>,1696459887746,
"Poly AHG = negatief. Anti-IgG, IgA, IgM, C3c en C3d = negatief","Poly AHG = negative. Anti-IgG, IgA, IgM, C3c and C3d = negative",1,,0.24,UNCHECKED,UNREVIEWED,,0,1762567,0 = None,Meas Value,MAPS_TO,,<auto>,1696459887859,
Vervalt,Lapses,587,,0.57,APPROVED,EQUAL,Patrick Thoral,1696461280790,37079203,No results available; Order canceled.,Meas Value,MAPS_TO,,Patrick Thoral,1696461279276,
dubieus,dubious,1,,0.36,UNCHECKED,UNREVIEWED,,0,36662510,Serious,Meas Value,MAPS_TO,,<auto>,1696459887931,
OVALO++,OVALO++,10,,0.43,UNCHECKED,UNREVIEWED,,0,4126673,++,Meas Value,MAPS_TO,,<auto>,1696459887963,
blasten???,blast???,1,,0.13,UNCHECKED,UNREVIEWED,,0,45878519,Bone marrow transplant?allogeneic,Meas Value,MAPS_TO,,<auto>,1696459888007,
Dubieus,Dubious,129,,0.36,UNCHECKED,UNREVIEWED,,0,36662510,Serious,Meas Value,MAPS_TO,,<auto>,1696459888119,
"potje met materiaal ontvangen op xx-xx-xx , materiaal lijkt op sputum, contact met de afdeling gezocht, maar er viel niet te achterhalen wat er afgenomen is.","jar with material received on xx-xx-xx, material resembles sputum, contacted the department, but it was not possible to find out what was taken.",2,,0.22,UNCHECKED,UNREVIEWED,,0,1990158,"Tried but was not able to apply for, or was not eligible",Meas Value,MAPS_TO,,<auto>,1696459888125,
OVALO+++,OVALO+++,2,,0.58,UNCHECKED,UNREVIEWED,,0,4125547,+++,Meas Value,MAPS_TO,,<auto>,1696459888201,
"Poly AHG = pos, IgG/IgA/IgM en C3c = neg, C3d = sterk Positief","Poly AHG = pos, IgG/IgA/IgM and C3c = neg, C3d = strong Positive",1,,0.29,UNCHECKED,UNREVIEWED,,0,36308963,IgM and IgG positive,Meas Value,MAPS_TO,,<auto>,1696459888291,
OXALAAT,OXALATE,77,,0.47,UNCHECKED,UNREVIEWED,,0,4128643,Late,Meas Value,MAPS_TO,,<auto>,1696459888352,
SFERO++,SFERO++,4,,0.44,UNCHECKED,UNREVIEWED,,0,4126673,++,Meas Value,MAPS_TO,,<auto>,1696459888377,
Vervalt i.v.m. verlengde APTT,Expired due to extended APTT,9,,0.53,UNCHECKED,UNREVIEWED,,0,45882186,Expired,Meas Value,MAPS_TO,,<auto>,1696459888445,
dyserythropoïese,dyserythropoiesis,3,,0.82,UNCHECKED,UNREVIEWED,,0,45879767,Dyserythropoieisis,Meas Value,MAPS_TO,,<auto>,1696459888466,
sic,sic,1,,0.45,UNCHECKED,UNREVIEWED,,0,1989959,Physical,Meas Value,MAPS_TO,,<auto>,1696459888543,
poly AHG = pos; IgG en IgA en IgM = neg; C3c = neg; C3d = pos; IgG1 en IgG3 = Negatief,poly AHG = pos; IgG and IgA and IgM = neg; C3c = neg; C3d = pos; IgG1 and IgG3 = Negative,1,,0.26,UNCHECKED,UNREVIEWED,,0,36308963,IgM and IgG positive,Meas Value,MAPS_TO,,<auto>,1696459888575,
pre allo tx,pre allo tx,1,,0.22,UNCHECKED,UNREVIEWED,,0,36308195,Shallow,Meas Value,MAPS_TO,,<auto>,1696459888585,
SIC,SIC,2,,0.45,UNCHECKED,UNREVIEWED,,0,1989959,Physical,Meas Value,MAPS_TO,,<auto>,1696459888654,
dysgranulopoïese,dysgranulopoiesis,4,,0.34,UNCHECKED,UNREVIEWED,,0,46237115,Granules,Meas Value,MAPS_TO,,<auto>,1696459888695,
VERVOLGEN EO,CONTINUED EO,1,,0.67,UNCHECKED,UNREVIEWED,,0,36303230,Continue,Meas Value,MAPS_TO,,<auto>,1696459888771,
"Poly AHG = Positief, IgG,C3d=positief , IgA,IgM,IgG1,IgG3=negatief","Poly AHG = Positive, IgG,C3d=positive, IgA,IgM,IgG1,IgG3=negative",1,,0.18,UNCHECKED,UNREVIEWED,,0,45879461,Positively and negatively,Meas Value,MAPS_TO,,<auto>,1696459888803,
sikkelcelanemie?,sickle cell anemia?,1,,0.51,UNCHECKED,UNREVIEWED,,0,45884175,Sickle cells,Meas Value,MAPS_TO,,<auto>,1696459888916,
Pat. is nuchter,Pat. is sober,31,,0.24,UNCHECKED,UNREVIEWED,,0,45879158,The nipple is raised a little in this stage. The rest of the breast is still flat.,Meas Value,MAPS_TO,,<auto>,1696459888920,
Pre allo TX,Pre allo TX,1,,0.22,UNCHECKED,UNREVIEWED,,0,36308195,Shallow,Meas Value,MAPS_TO,,<auto>,1696459889041,
dysmegakaryopoïese,dysmegakaryopoiesis,7,,0.32,UNCHECKED,UNREVIEWED,,0,45879767,Dyserythropoieisis,Meas Value,MAPS_TO,,<auto>,1696459889052,
Verzond.,Sent.,5205,,0.46,APPROVED,EQUAL,Patrick Thoral,1696460041218,36310582,Results pending,Meas Value,MAPS_TO,,Patrick Thoral,1696460040653,
slecht,bad,2,,1.00,UNCHECKED,UNREVIEWED,,0,1620712,Bad,Meas Value,MAPS_TO,,<auto>,1696459889093,
verzonden,sent,29,,0.56,UNCHECKED,UNREVIEWED,,0,45879438,Present,Meas Value,MAPS_TO,,<auto>,1696459889214,
Slecht,Bad,7,,1.00,UNCHECKED,UNREVIEWED,,0,1620712,Bad,Meas Value,MAPS_TO,,<auto>,1696459889225,
Pat.is niet nuchter,Pat isn't sober,140,,0.55,UNCHECKED,UNREVIEWED,,0,45880705,Doesn't drink milk,Meas Value,MAPS_TO,,<auto>,1696459889250,
Report,Report,1,,1.00,UNCHECKED,UNREVIEWED,,0,706371,Report,Meas Value,MAPS_TO,,<auto>,1696459889258,
vezels,fibres,1,,0.61,UNCHECKED,UNREVIEWED,,0,36307885,Fibrotic,Meas Value,MAPS_TO,,<auto>,1696459889448,
"slecht, veel kapot","bad, much broken",1,,0.56,UNCHECKED,UNREVIEWED,,0,607859,Broken,Meas Value,MAPS_TO,,<auto>,1696459889519,
"Poly AHG = sterk positief. Anti-IgG = sterk positief, anti-IgA, IgM en complement = negatief. Anti-IgG1 1:1 = positief, 1:100 = negatief, Anti-IgG3 = negatief, totaal anti-IgG = sterk positief.","Poly AHG = strongly positive. Anti-IgG = strongly positive, anti-IgA, IgM and complement = negative. Anti-IgG1 1:1 = positive, 1:100 = negative, Anti-IgG3 = negative, total anti-IgG = strongly positive.",1,,0.30,UNCHECKED,UNREVIEWED,,0,1762567,0 = None,Meas Value,MAPS_TO,,<auto>,1696459889536,
Ribotype anders dan 027,Ribotype other than 027,28,,0.40,UNCHECKED,UNREVIEWED,,0,36308267,Genotype 1,Meas Value,MAPS_TO,,<auto>,1696459889590,
Spoor,Track,772,,0.59,APPROVED,EQUAL,Patrick Thoral,1696460975256,45881796,Trace,Meas Value,MAPS_TO,,Patrick Thoral,1696460972596,
patient knapt niet op,patient does not recover,1,,0.61,UNCHECKED,UNREVIEWED,,0,45877580,Patient does not require assistance,Meas Value,MAPS_TO,,<auto>,1696459889750,
S.M. = 1.013,S.M. = 1.013,1,,0.23,UNCHECKED,UNREVIEWED,,0,1762567,0 = None,Meas Value,MAPS_TO,,<auto>,1696459889774,
vezels in urine,fiber in urine,1,,0.47,UNCHECKED,UNREVIEWED,,0,45881928,Hydrofiber,Meas Value,MAPS_TO,,<auto>,1696459889847,
SPOOR,TRACK,1997,,0.59,APPROVED,EQUAL,Patrick Thoral,1696460329367,45881796,Trace,Meas Value,MAPS_TO,,Patrick Thoral,1696460327344,
"Poly AHG = sterk positief. Anti-IgG = sterk positief, anti-IgA, IgM, C3c en C3d = negatief. Anti-IgG1 1:1 = sterk positief, anti-IgG 1:100 = negatief, anti-IgG3 1:1 en 1:100 = negatief en totaal anti-IgG 1:10 = positief.","Poly AHG = strongly positive. Anti-IgG = strongly positive, anti-IgA, IgM, C3c and C3d = negative. Anti-IgG1 1:1 = strongly positive, anti-IgG 1:100 = negative, anti-IgG3 1:1 and 1:100 = negative and total anti-IgG 1:10 = positive.",1,,0.28,UNCHECKED,UNREVIEWED,,0,1762567,0 = None,Meas Value,MAPS_TO,,<auto>,1696459890085,
sepsis eci,sepsis eci,2,,0.58,UNCHECKED,UNREVIEWED,,0,36310554,Severe sepsis,Meas Value,MAPS_TO,,<auto>,1696459890091,
vol,full,5,,1.00,UNCHECKED,UNREVIEWED,,0,45880290,Full,Meas Value,MAPS_TO,,<auto>,1696459890103,
PCR geremd.,PCR inhibited.,1,,0.48,UNCHECKED,UNREVIEWED,,0,45883225,Less shy or inhibited,Meas Value,MAPS_TO,,<auto>,1696459890125,
stafylokokken en streptokokken,staphylococci and streptococci,1,,0.52,UNCHECKED,UNREVIEWED,,0,37079282,Staphylococcus lentus,Meas Value,MAPS_TO,,<auto>,1696459890228,
"PH = 5,0",PH = 5.0,1,,0.53,UNCHECKED,UNREVIEWED,,0,45883953,H = Health,Meas Value,MAPS_TO,,<auto>,1696459890233,
"Poly AHG = zw +; Anti-IgG = zw +; IgA, IgM, C3c en C3d = negatief","Poly AHG = zw +; Anti-IgG = zw +; IgA, IgM, C3c and C3d = negative",1,,0.22,UNCHECKED,UNREVIEWED,,0,1762567,0 = None,Meas Value,MAPS_TO,,<auto>,1696459890267,
Vol,Full,228,,1.00,APPROVED,EQUAL,Patrick Thoral,1696461757927,45880290,Full,Meas Value,MAPS_TO,,<auto>,1696459890307,
SFERO+,SFERO+,25,,0.38,UNCHECKED,UNREVIEWED,,0,36308941,transfer trip,Meas Value,MAPS_TO,,<auto>,1696459890324,
pH = 8,pH = 8,1,,0.57,UNCHECKED,UNREVIEWED,,0,45883953,H = Health,Meas Value,MAPS_TO,,<auto>,1696459890343,
Stafylokokken en Streptokokken,Staphylococci and Streptococci,1,,0.52,UNCHECKED,UNREVIEWED,,0,37079282,Staphylococcus lentus,Meas Value,MAPS_TO,,<auto>,1696459890387,
ph =8,pH =8,1,,0.33,UNCHECKED,UNREVIEWED,,0,45883953,H = Health,Meas Value,MAPS_TO,,<auto>,1696459890445,
VOL,FULL,254,,1.00,APPROVED,EQUAL,Patrick Thoral,1696461755971,45880290,Full,Meas Value,MAPS_TO,,<auto>,1696459890453,
Sterk positief,Strongly positive,6,,0.73,UNCHECKED,UNREVIEWED,,0,45880924,Strong positive,Meas Value,MAPS_TO,,<auto>,1696459890502,
"Poly AHG = Zw+. IgG = Zw+. IgG1 en IgG3 = neg. IgA, IgM, C3c en C3d = neg.","Poly AHG = Zw+. IgG = Zw+. IgG1 and IgG3 = neg. IgA, IgM, C3c and C3d = neg.",1,,0.20,UNCHECKED,UNREVIEWED,,0,45882001,3 = Moderate,Meas Value,MAPS_TO,,<auto>,1696459890516,
Voldoend,Sufficient,22,,1.00,UNCHECKED,UNREVIEWED,,0,36307892,Sufficient,Meas Value,MAPS_TO,,<auto>,1696459890583,
stomatocyten +,stomatocytes +,1,,0.77,UNCHECKED,UNREVIEWED,,0,45878423,Stomatocytes,Meas Value,MAPS_TO,,<auto>,1696459890595,
pH in drainvocht 8,pH in drain fluid 8,2,,0.31,UNCHECKED,UNREVIEWED,,0,45884085,Pleural fluid,Meas Value,MAPS_TO,,<auto>,1696459890611,
Poly AHG = zwak positief,Poly AHG = weak positive,10,,0.51,UNCHECKED,UNREVIEWED,,0,45878592,Weak positive,Meas Value,MAPS_TO,,<auto>,1696459890637,
stomatocyten ++,stomatocytes ++,3,,0.61,UNCHECKED,UNREVIEWED,,0,45878423,Stomatocytes,Meas Value,MAPS_TO,,<auto>,1696459890687,
voldoende,Enough,24,,0.75,UNCHECKED,UNREVIEWED,,0,1989721,Cough,Meas Value,MAPS_TO,,<auto>,1696459890733,
stomatocyten +++,stomatocytes +++,2,,0.56,UNCHECKED,UNREVIEWED,,0,45878423,Stomatocytes,Meas Value,MAPS_TO,,<auto>,1696459890781,
Poly AHG = zwak positief IgG/IgA/IgM/C3c/C3d/IgG1 en IgG3 negatief,Poly AHG = weak positive IgG/IgA/IgM/C3c/C3d/IgG1 and negative IgG3,1,,0.28,UNCHECKED,UNREVIEWED,,0,45878592,Weak positive,Meas Value,MAPS_TO,,<auto>,1696459890797,
ph= 7.65 in maagzuur,pH= 7.65 in stomach acid,1,,0.27,UNCHECKED,UNREVIEWED,,0,45881280,Stomach,Meas Value,MAPS_TO,,<auto>,1696459890821,
pH=7.96,pH=7.96,1,,0.31,UNCHECKED,UNREVIEWED,,0,607136,7.9,Meas Value,MAPS_TO,,<auto>,1696459890868,
volgt,follows,14822,,0.47,APPROVED,EQUAL,Patrick Thoral,1696460047019,36310582,Results pending,Meas Value,MAPS_TO,,Patrick Thoral,1696460046471,
Stomatocyten: 2+,Stomatocytes: 2+,2,,0.55,UNCHECKED,UNREVIEWED,,0,45878423,Stomatocytes,Meas Value,MAPS_TO,,<auto>,1696459890905,
PHU,PHU,1,,0.23,UNCHECKED,UNREVIEWED,,0,45878028,Louse-borne (epidemic) typhus,Meas Value,MAPS_TO,,<auto>,1696459890932,
"Poly AHG en IgG positief, IgA/IgM/C3c/C3d/IgG1 en IgG3=negatief","Poly AHG and IgG positive, IgA/IgM/C3c/C3d/IgG1 and IgG3=negative",1,,0.27,UNCHECKED,UNREVIEWED,,0,36308963,IgM and IgG positive,Meas Value,MAPS_TO,,<auto>,1696459890959,
studie,study,1,,0.63,UNCHECKED,UNREVIEWED,,0,45876916,Student,Meas Value,MAPS_TO,,<auto>,1696459891035,
"poly-AHG/anti-IgG=zwak positief,anti-IgA/IgM/C3c/C3d=negatief","poly-AHG/anti-IgG=weak positive, anti-IgA/IgM/C3c/C3d=negative",1,,0.25,UNCHECKED,UNREVIEWED,,0,45878592,Weak positive,Meas Value,MAPS_TO,,<auto>,1696459891063,
Voor sel,For sel,5,,0.35,UNCHECKED,UNREVIEWED,,0,45884467,Self,Meas Value,MAPS_TO,,<auto>,1696459891091,
"poly AHG sterk pos; IgG-,IgM- en C3d-sterk pos; IgG3=sterk Positief","poly AHG strong pos; IgG, IgM and C3d strong pos; IgG3=strong Positive",1,,0.33,UNCHECKED,UNREVIEWED,,0,36308963,IgM and IgG positive,Meas Value,MAPS_TO,,<auto>,1696459891185,
"poly-AHG=positief, anti-IgG=zwak positief, anti-IgA/IgM/C3c/C3d=negatief","poly-AHG=positive, anti-IgG=weak positive, anti-IgA/IgM/C3c/C3d=negative",1,,0.24,UNCHECKED,UNREVIEWED,,0,45878592,Weak positive,Meas Value,MAPS_TO,,<auto>,1696459891209,
T.W.M,T.W.M,24,,0.11,UNCHECKED,UNREVIEWED,,0,45876781,Oct.,Meas Value,MAPS_TO,,<auto>,1696459891232,
vraagstelling: fragmentocyten?,question: fragmentocytes?,1,,0.38,UNCHECKED,UNREVIEWED,,0,45881246,Fragments,Meas Value,MAPS_TO,,<auto>,1696459891286,
vve,vve,2,,0.54,UNCHECKED,UNREVIEWED,,0,36309853,VV,Meas Value,MAPS_TO,,<auto>,1696459891327,
Poly AHG = negatief,Poly AHG = negative,30,,0.42,UNCHECKED,UNREVIEWED,,0,1762567,0 = None,Meas Value,MAPS_TO,,<auto>,1696459891333,
"Poly AHG, anti-IgG = zwak positief, IgA, IgM, C3c en C3d = negatief","Poly AHG, anti-IgG = weak positive, IgA, IgM, C3c and C3d = negative",1,,0.31,UNCHECKED,UNREVIEWED,,0,45878592,Weak positive,Meas Value,MAPS_TO,,<auto>,1696459891388,
WAS-CYL,WAS-CYL,14,,0.24,UNCHECKED,UNREVIEWED,,0,45883048,Exposure-cyanide,Meas Value,MAPS_TO,,<auto>,1696459891425,
Weinig,Few,2939,,1.00,APPROVED,EQUAL,Patrick Thoral,1696460243183,45878239,Few,Meas Value,MAPS_TO,,<auto>,1696459891498,
"Poly AHG, IgG, IgG1 = sterk positief; C3d = positief; IgA, IgM, C3c = negatief.","Poly AHG, IgG, IgG1 = strongly positive; C3d = positive; IgA, IgM, C3c = negative.",1,,0.23,UNCHECKED,UNREVIEWED,,0,45879461,Positively and negatively,Meas Value,MAPS_TO,,<auto>,1696459891538,
"poly AHG= sterk positief. Anti- IgG, -IgA, -IgM= negatief., Anti-C3c= zwak positief. Anti- C3d= sterk positief.","poly AHG= strongly positive. Anti-IgG, -IgA, -IgM= negative., Anti-C3c= weakly positive. Anti-C3d= strongly positive.",1,,0.27,UNCHECKED,UNREVIEWED,,0,4127785,Weakly positive,Meas Value,MAPS_TO,,<auto>,1696459891722,
